ticker,event_date,mover_type,direction,Points Change,Event Day %Change,Day 1 %,Day 1 Open,Day 1 Close,Day 2 %,Day 2 Open,Day 2 Close,Day 3 %,Day 3 Open,Day 3 Close,Day 4 %,Day 4 Open,Day 4 Close,Day 5 %,Day 5 Open,Day 5 Close,Day 6 %,Day 6 Open,Day 6 Close,Day 7 %,Day 7 Open,Day 7 Close,Day 8 %,Day 8 Open,Day 8 Close,Day 9 %,Day 9 Open,Day 9 Close,Day 10 %,Day 10 Open,Day 10 Close,Day 11 %,Day 11 Open,Day 11 Close
CIFR,2025-11-03,gainer,long,+4.09,+21.90%,+7.29%,20.98,22.51,+8.14%,22.85,24.71,-9.77%,24.06,21.71,-0.61%,20.82,20.69,-10.14%,21.87,19.65,-1.79%,19.01,18.67,-7.21%,18.73,17.38,-9.59%,16.51,14.93,+3.01%,13.94,14.36,+1.92%,14.08,14.35,+2.86%,14.18,14.58
CIFR,2025-11-03,gainer,short,+4.09,+21.90%,-7.29%,20.98,22.51,-8.14%,22.85,24.71,+9.77%,24.06,21.71,+0.61%,20.82,20.69,+10.14%,21.87,19.65,+1.79%,19.01,18.67,+7.21%,18.73,17.38,+9.59%,16.51,14.93,-3.01%,13.94,14.36,-1.92%,14.08,14.35,-2.86%,14.18,14.58
AMKR,2025-11-03,gainer,long,+5.56,+17.22%,-1.76%,35.88,35.25,+2.41%,35.69,36.55,-4.16%,36.67,35.15,+1.77%,34.17,34.78,-1.92%,35.90,35.21,-1.52%,34.79,34.26,-0.81%,34.75,34.47,-5.25%,33.72,31.95,+3.80%,30.52,31.68,-0.96%,31.19,30.89,+1.09%,30.36,30.69
AMKR,2025-11-03,gainer,short,+5.56,+17.22%,+1.76%,35.88,35.25,-2.41%,35.69,36.55,+4.16%,36.67,35.15,-1.77%,34.17,34.78,+1.92%,35.90,35.21,+1.52%,34.79,34.26,+0.81%,34.75,34.47,+5.25%,33.72,31.95,-3.80%,30.52,31.68,+0.96%,31.19,30.89,-1.09%,30.36,30.69
LUMN,2025-11-03,gainer,long,+1.55,+15.08%,-4.01%,10.98,10.54,+1.97%,10.65,10.86,-0.18%,10.96,10.94,-3.40%,10.89,10.52,-3.76%,10.90,10.49,-10.89%,10.38,9.25,-8.75%,9.37,8.55,-3.68%,8.43,8.12,+3.10%,7.75,7.99,+0.88%,7.99,8.06,-3.54%,7.90,7.62
LUMN,2025-11-03,gainer,short,+1.55,+15.08%,+4.01%,10.98,10.54,-1.97%,10.65,10.86,+0.18%,10.96,10.94,+3.40%,10.89,10.52,+3.76%,10.90,10.49,+10.89%,10.38,9.25,+8.75%,9.37,8.55,+3.68%,8.43,8.12,-3.10%,7.75,7.99,-0.88%,7.99,8.06,+3.54%,7.90,7.62
IDXX,2025-11-03,gainer,long,+93.43,+14.84%,+0.65%,717.44,722.12,-0.57%,724.36,720.21,+0.18%,712.47,713.74,-0.24%,710.15,708.45,+0.45%,706.41,709.59,+0.22%,710.94,712.47,+0.15%,712.47,713.56,-1.18%,709.83,701.48,-0.86%,695.92,689.93,-3.03%,689.93,669.00,+0.17%,669.09,670.21
IDXX,2025-11-03,gainer,short,+93.43,+14.84%,-0.65%,717.44,722.12,+0.57%,724.36,720.21,-0.18%,712.47,713.74,+0.24%,710.15,708.45,-0.45%,706.41,709.59,-0.22%,710.94,712.47,-0.15%,712.47,713.56,+1.18%,709.83,701.48,+0.86%,695.92,689.93,+3.03%,689.93,669.00,-0.17%,669.09,670.21
FRPT,2025-11-03,gainer,long,+7.04,+14.31%,-0.95%,56.57,56.03,+2.45%,56.03,57.40,-2.17%,57.24,56.00,-1.36%,56.00,55.24,+0.04%,55.33,55.35,+0.77%,55.57,56.00,-0.77%,56.04,55.61,-3.97%,55.65,53.44,+0.45%,53.20,53.44,-1.16%,53.36,52.74,+0.11%,52.79,52.85
FRPT,2025-11-03,gainer,short,+7.04,+14.31%,+0.95%,56.57,56.03,-2.45%,56.03,57.40,+2.17%,57.24,56.00,+1.36%,56.00,55.24,-0.04%,55.33,55.35,-0.77%,55.57,56.00,+0.77%,56.04,55.61,+3.97%,55.65,53.44,-0.45%,53.20,53.44,+1.16%,53.36,52.74,-0.11%,52.79,52.85
QURE,2025-11-03,loser,long,-33.40,-49.34%,-1.20%,30.81,30.44,-5.41%,27.55,26.06,+0.55%,27.36,27.51,+6.39%,26.12,27.79,-0.95%,26.40,26.15,+16.42%,26.49,30.84,-0.88%,30.39,30.12,+2.22%,29.68,30.34,+3.03%,29.00,29.88,+4.62%,28.99,30.33,-0.13%,29.75,29.71
QURE,2025-11-03,loser,short,-33.40,-49.34%,+1.20%,30.81,30.44,+5.41%,27.55,26.06,-0.55%,27.36,27.51,-6.39%,26.12,27.79,+0.95%,26.40,26.15,-16.42%,26.49,30.84,+0.88%,30.39,30.12,-2.22%,29.68,30.34,-3.03%,29.00,29.88,-4.62%,28.99,30.33,+0.13%,29.75,29.71
RGC,2025-11-03,loser,long,-3.09,-18.56%,+1.00%,13.00,13.13,+0.85%,12.99,13.10,+0.00%,13.26,13.26,+0.15%,13.00,13.02,+2.52%,13.49,13.83,+10.91%,13.11,14.54,-4.54%,14.33,13.68,-5.73%,13.79,13.00,+0.08%,12.59,12.60,+2.62%,12.60,12.93,+3.89%,12.60,13.09
RGC,2025-11-03,loser,short,-3.09,-18.56%,-1.00%,13.00,13.13,-0.85%,12.99,13.10,-0.00%,13.26,13.26,-0.15%,13.00,13.02,-2.52%,13.49,13.83,-10.91%,13.11,14.54,+4.54%,14.33,13.68,+5.73%,13.79,13.00,-0.08%,12.59,12.60,-2.62%,12.60,12.93,-3.89%,12.60,13.09
KMB,2025-11-03,loser,long,-17.44,-14.57%,-1.50%,102.18,100.64,-0.58%,100.63,100.05,+0.65%,100.12,100.77,+3.05%,100.78,103.85,-0.73%,103.85,103.09,-0.34%,103.38,103.03,+0.32%,103.79,104.12,-0.54%,105.02,104.45,-0.94%,105.01,104.02,-0.14%,103.81,103.66,-1.05%,104.35,103.25
KMB,2025-11-03,loser,short,-17.44,-14.57%,+1.50%,102.18,100.64,+0.58%,100.63,100.05,-0.65%,100.12,100.77,-3.05%,100.78,103.85,+0.73%,103.85,103.09,+0.34%,103.38,103.03,-0.32%,103.79,104.12,+0.54%,105.02,104.45,+0.94%,105.01,104.02,+0.14%,103.81,103.66,+1.05%,104.35,103.25
UUUU,2025-11-03,loser,long,-2.71,-13.21%,+6.31%,16.00,17.01,-4.31%,16.94,16.21,-4.00%,15.75,15.12,+10.52%,14.16,15.65,+0.67%,16.38,16.49,-2.37%,16.06,15.68,-0.50%,15.90,15.82,-1.90%,15.78,15.48,+7.24%,14.50,15.55,-1.19%,15.14,14.96,+3.33%,14.56,15.05
UUUU,2025-11-03,loser,short,-2.71,-13.21%,-6.31%,16.00,17.01,+4.31%,16.94,16.21,+4.00%,15.75,15.12,-10.52%,14.16,15.65,-0.67%,16.38,16.49,+2.37%,16.06,15.68,+0.50%,15.90,15.82,+1.90%,15.78,15.48,-7.24%,14.50,15.55,+1.19%,15.14,14.96,-3.33%,14.56,15.05
QS,2025-11-03,loser,long,-2.23,-12.09%,-0.39%,15.50,15.44,+8.86%,15.68,17.07,-5.92%,16.90,15.90,+6.27%,15.64,16.62,-5.29%,17.19,16.28,-1.30%,16.12,15.91,-8.56%,16.01,14.64,-5.76%,14.40,13.57,+3.15%,13.02,13.43,-2.70%,13.31,12.95,+1.33%,12.80,12.97
QS,2025-11-03,loser,short,-2.23,-12.09%,+0.39%,15.50,15.44,-8.86%,15.68,17.07,+5.92%,16.90,15.90,-6.27%,15.64,16.62,+5.29%,17.19,16.28,+1.30%,16.12,15.91,+8.56%,16.01,14.64,+5.76%,14.40,13.57,-3.15%,13.02,13.43,+2.70%,13.31,12.95,-1.33%,12.80,12.97
HTZ,2025-11-04,gainer,long,+1.79,+36.23%,+2.85%,6.49,6.68,-6.85%,6.64,6.18,+7.52%,6.12,6.58,-7.37%,6.78,6.28,+2.74%,6.21,6.38,-1.40%,6.43,6.34,-1.94%,6.19,6.07,-4.07%,5.89,5.65,-5.90%,5.59,5.26,+0.38%,5.20,5.22,-1.92%,5.21,5.11
HTZ,2025-11-04,gainer,short,+1.79,+36.23%,-2.85%,6.49,6.68,+6.85%,6.64,6.18,-7.52%,6.12,6.58,+7.37%,6.78,6.28,-2.74%,6.21,6.38,+1.40%,6.43,6.34,+1.94%,6.19,6.07,+4.07%,5.89,5.65,+5.90%,5.59,5.26,-0.38%,5.20,5.22,+1.92%,5.21,5.11
XMTR,2025-11-04,gainer,long,+14.05,+28.93%,+2.57%,61.10,62.67,+0.11%,61.95,62.02,+5.78%,61.27,64.81,-0.17%,66.50,66.39,-0.62%,66.00,65.59,+0.11%,65.59,65.66,-8.03%,64.39,59.22,+4.99%,57.70,60.58,-6.98%,60.57,56.34,+5.04%,55.55,58.35,+3.18%,58.50,60.36
XMTR,2025-11-04,gainer,short,+14.05,+28.93%,-2.57%,61.10,62.67,-0.11%,61.95,62.02,-5.78%,61.27,64.81,+0.17%,66.50,66.39,+0.62%,66.00,65.59,-0.11%,65.59,65.66,+8.03%,64.39,59.22,-4.99%,57.70,60.58,+6.98%,60.57,56.34,-5.04%,55.55,58.35,-3.18%,58.50,60.36
PAY,2025-11-04,gainer,long,+7.49,+26.18%,-0.62%,35.69,35.47,+1.55%,35.59,36.14,+2.66%,36.49,37.46,+0.77%,37.50,37.79,-0.63%,37.97,37.73,-3.34%,38.05,36.78,+2.90%,36.51,37.57,+1.48%,37.15,37.70,-2.15%,37.65,36.84,-4.79%,36.32,34.58,+0.09%,34.65,34.68
PAY,2025-11-04,gainer,short,+7.49,+26.18%,+0.62%,35.69,35.47,-1.55%,35.59,36.14,-2.66%,36.49,37.46,-0.77%,37.50,37.79,+0.63%,37.97,37.73,+3.34%,38.05,36.78,-2.90%,36.51,37.57,-1.48%,37.15,37.70,+2.15%,37.65,36.84,+4.79%,36.32,34.58,-0.09%,34.65,34.68
MTSR,2025-11-04,gainer,long,+12.45,+20.50%,-0.86%,72.00,71.38,+5.53%,77.28,81.55,+2.06%,81.50,83.18,-0.18%,71.00,70.87,+0.27%,70.61,70.80,+0.00%,70.75,70.75,-0.34%,70.74,70.50,+0.00%,70.50,70.50,,,,,,,,,
MTSR,2025-11-04,gainer,short,+12.45,+20.50%,+0.86%,72.00,71.38,-5.53%,77.28,81.55,-2.06%,81.50,83.18,+0.18%,71.00,70.87,-0.27%,70.61,70.80,-0.00%,70.75,70.75,+0.34%,70.74,70.50,-0.00%,70.50,70.50,,,,,,,,,
SANM,2025-11-04,gainer,long,+23.24,+16.56%,+9.20%,162.78,177.76,-2.66%,177.23,172.51,+1.22%,168.26,170.31,+0.32%,173.88,174.43,-1.53%,171.80,169.17,-0.56%,170.75,169.80,-7.84%,167.69,154.54,+7.57%,149.08,160.37,-0.06%,158.97,158.88,-0.28%,156.89,156.45,-0.33%,156.12,155.60
SANM,2025-11-04,gainer,short,+23.24,+16.56%,-9.20%,162.78,177.76,+2.66%,177.23,172.51,-1.22%,168.26,170.31,-0.32%,173.88,174.43,+1.53%,171.80,169.17,+0.56%,170.75,169.80,+7.84%,167.69,154.54,-7.57%,149.08,160.37,+0.06%,158.97,158.88,+0.28%,156.89,156.45,+0.33%,156.12,155.60
DGNX,2025-11-04,loser,long,-5.38,-22.77%,+5.26%,19.00,20.00,-9.10%,20.99,19.08,-4.57%,17.93,17.11,-10.36%,19.50,17.48,-9.12%,17.99,16.35,-14.84%,16.44,14.00,-6.90%,14.50,13.50,-19.74%,13.12,10.53,+16.75%,11.64,13.59,+2.08%,15.87,16.20,-16.76%,16.17,13.46
DGNX,2025-11-04,loser,short,-5.38,-22.77%,-5.26%,19.00,20.00,+9.10%,20.99,19.08,+4.57%,17.93,17.11,+10.36%,19.50,17.48,+9.12%,17.99,16.35,+14.84%,16.44,14.00,+6.90%,14.50,13.50,+19.74%,13.12,10.53,-16.75%,11.64,13.59,-2.08%,15.87,16.20,+16.76%,16.17,13.46
NCLH,2025-11-04,loser,long,-3.39,-15.28%,-1.53%,18.90,18.61,-1.75%,18.57,18.24,+3.53%,18.42,19.07,-3.01%,19.63,19.04,-0.53%,18.92,18.82,+0.42%,18.86,18.94,-1.93%,18.92,18.56,-0.11%,18.31,18.29,-3.68%,18.20,17.53,+1.88%,17.51,17.84,-0.95%,17.95,17.78
NCLH,2025-11-04,loser,short,-3.39,-15.28%,+1.53%,18.90,18.61,+1.75%,18.57,18.24,-3.53%,18.42,19.07,+3.01%,19.63,19.04,+0.53%,18.92,18.82,-0.42%,18.86,18.94,+1.93%,18.92,18.56,+0.11%,18.31,18.29,+3.68%,18.20,17.53,-1.88%,17.51,17.84,+0.95%,17.95,17.78
NVTS,2025-11-04,loser,long,-1.79,-14.61%,-6.63%,10.56,9.86,-10.12%,9.83,8.84,+0.90%,7.77,7.84,+14.25%,8.40,9.60,-3.70%,9.47,9.12,-6.49%,9.24,8.64,-5.52%,8.37,7.91,+8.13%,7.50,8.11,-2.15%,7.90,7.73,+2.23%,7.61,7.78,-0.77%,7.78,7.72
NVTS,2025-11-04,loser,short,-1.79,-14.61%,+6.63%,10.56,9.86,+10.12%,9.83,8.84,-0.90%,7.77,7.84,-14.25%,8.40,9.60,+3.70%,9.47,9.12,+6.49%,9.24,8.64,+5.52%,8.37,7.91,-8.13%,7.50,8.11,+2.15%,7.90,7.73,-2.23%,7.61,7.78,+0.77%,7.78,7.72
ZTS,2025-11-04,loser,long,-19.89,-13.78%,-2.99%,124.20,120.49,-0.86%,120.60,119.56,+0.57%,119.56,120.24,-0.53%,120.43,119.79,+0.38%,119.67,120.12,+0.89%,120.18,121.25,+0.07%,121.08,121.16,-0.20%,121.06,120.82,-1.58%,120.71,118.80,-0.24%,118.43,118.14,-1.36%,118.69,117.08
ZTS,2025-11-04,loser,short,-19.89,-13.78%,+2.99%,124.20,120.49,+0.86%,120.60,119.56,-0.57%,119.56,120.24,+0.53%,120.43,119.79,-0.38%,119.67,120.12,-0.89%,120.18,121.25,-0.07%,121.08,121.16,+0.20%,121.06,120.82,+1.58%,120.71,118.80,+0.24%,118.43,118.14,+1.36%,118.69,117.08
WRD,2025-11-04,loser,long,-1.50,-13.72%,-7.28%,9.61,8.91,-5.57%,9.06,8.56,-1.30%,8.10,7.99,-1.92%,8.33,8.17,+1.37%,8.00,8.11,-2.34%,8.12,7.93,-6.79%,7.80,7.27,+0.00%,7.03,7.03,-1.11%,7.20,7.12,+3.64%,6.87,7.12,+1.42%,7.05,7.15
WRD,2025-11-04,loser,short,-1.50,-13.72%,+7.28%,9.61,8.91,+5.57%,9.06,8.56,+1.30%,8.10,7.99,+1.92%,8.33,8.17,-1.37%,8.00,8.11,+2.34%,8.12,7.93,+6.79%,7.80,7.27,-0.00%,7.03,7.03,+1.11%,7.20,7.12,-3.64%,6.87,7.12,-1.42%,7.05,7.15
LMND,2025-11-05,gainer,long,+20.07,+34.21%,-5.14%,79.20,75.13,+2.00%,73.55,75.02,+1.90%,77.40,78.87,+1.38%,78.06,79.14,-3.75%,80.00,77.00,-7.78%,75.88,69.98,+5.21%,67.00,70.49,-3.34%,69.39,67.07,+4.72%,65.85,68.96,+2.54%,69.18,70.94,-6.60%,72.77,67.97
LMND,2025-11-05,gainer,short,+20.07,+34.21%,+5.14%,79.20,75.13,-2.00%,73.55,75.02,-1.90%,77.40,78.87,-1.38%,78.06,79.14,+3.75%,80.00,77.00,+7.78%,75.88,69.98,-5.21%,67.00,70.49,+3.34%,69.39,67.07,-4.72%,65.85,68.96,-2.54%,69.18,70.94,+6.60%,72.77,67.97
TDC,2025-11-05,gainer,long,+6.75,+32.59%,+2.83%,27.52,28.30,-0.65%,27.78,27.60,-1.79%,28.43,27.92,+0.39%,27.93,28.04,-0.86%,28.00,27.76,-1.89%,27.50,26.98,+3.14%,26.41,27.24,-3.61%,27.11,26.13,+2.53%,26.13,26.79,+0.04%,26.59,26.60,-1.08%,26.90,26.61
TDC,2025-11-05,gainer,short,+6.75,+32.59%,-2.83%,27.52,28.30,+0.65%,27.78,27.60,+1.79%,28.43,27.92,-0.39%,27.93,28.04,+0.86%,28.00,27.76,+1.89%,27.50,26.98,-3.14%,26.41,27.24,+3.61%,27.11,26.13,-2.53%,26.13,26.79,-0.04%,26.59,26.60,+1.08%,26.90,26.61
SEDG,2025-11-05,gainer,long,+9.20,+28.91%,-3.36%,40.23,38.88,+6.41%,37.59,40.00,+9.03%,41.62,45.38,-1.76%,45.50,44.70,-6.51%,45.47,42.51,-13.64%,42.17,36.42,+3.94%,34.81,36.18,-2.11%,35.01,34.27,+0.84%,34.51,34.80,-4.86%,35.17,33.46,-4.41%,34.62,33.09
SEDG,2025-11-05,gainer,short,+9.20,+28.91%,+3.36%,40.23,38.88,-6.41%,37.59,40.00,-9.03%,41.62,45.38,+1.76%,45.50,44.70,+6.51%,45.47,42.51,+13.64%,42.17,36.42,-3.94%,34.81,36.18,+2.11%,35.01,34.27,-0.84%,34.51,34.80,+4.86%,35.17,33.46,+4.41%,34.62,33.09
VCYT,2025-11-05,gainer,long,+9.92,+27.46%,-7.72%,45.18,41.69,+1.14%,41.23,41.70,+0.67%,42.07,42.35,+1.57%,42.00,42.66,-0.59%,42.55,42.30,-4.53%,41.76,39.87,+1.57%,38.74,39.35,+1.00%,38.89,39.28,-0.62%,39.00,38.76,+2.81%,38.84,39.93,-0.02%,40.86,40.85
VCYT,2025-11-05,gainer,short,+9.92,+27.46%,+7.72%,45.18,41.69,-1.14%,41.23,41.70,-0.67%,42.07,42.35,-1.57%,42.00,42.66,+0.59%,42.55,42.30,+4.53%,41.76,39.87,-1.57%,38.74,39.35,-1.00%,38.89,39.28,+0.62%,39.00,38.76,-2.81%,38.84,39.93,+0.02%,40.86,40.85
LITE,2025-11-05,gainer,long,+44.39,+23.57%,-1.77%,244.00,239.68,+2.77%,233.64,240.11,+1.22%,256.77,259.89,+0.25%,251.84,252.47,-3.31%,262.50,253.81,-8.42%,247.71,226.86,+7.72%,215.52,232.15,+2.36%,236.50,242.07,+0.85%,245.35,247.43,+3.85%,258.96,268.92,-16.70%,280.00,233.24
LITE,2025-11-05,gainer,short,+44.39,+23.57%,+1.77%,244.00,239.68,-2.77%,233.64,240.11,-1.22%,256.77,259.89,-0.25%,251.84,252.47,+3.31%,262.50,253.81,+8.42%,247.71,226.86,-7.72%,215.52,232.15,-2.36%,236.50,242.07,-0.85%,245.35,247.43,-3.85%,258.96,268.92,+16.70%,280.00,233.24
TREX,2025-11-05,loser,long,-14.61,-31.06%,-1.33%,32.35,31.92,+4.34%,31.60,32.97,-1.26%,32.64,32.23,+0.37%,32.69,32.81,-0.24%,33.13,33.05,-1.46%,32.79,32.31,-1.12%,32.13,31.77,-3.84%,32.56,31.31,-0.13%,31.07,31.03,-1.41%,31.21,30.77,-3.31%,31.16,30.13
TREX,2025-11-05,loser,short,-14.61,-31.06%,+1.33%,32.35,31.92,-4.34%,31.60,32.97,+1.26%,32.64,32.23,-0.37%,32.69,32.81,+0.24%,33.13,33.05,+1.46%,32.79,32.31,+1.12%,32.13,31.77,+3.84%,32.56,31.31,+0.13%,31.07,31.03,+1.41%,31.21,30.77,+3.31%,31.16,30.13
SLNO,2025-11-05,loser,long,-16.98,-26.59%,-5.37%,46.01,43.54,+9.83%,43.43,47.70,-1.74%,47.13,46.31,-2.56%,49.98,48.70,-1.75%,48.58,47.73,+0.13%,47.29,47.35,+4.61%,47.24,49.42,-4.06%,49.25,47.25,+2.49%,47.36,48.54,-3.09%,48.50,47.00,-5.63%,47.63,44.95
SLNO,2025-11-05,loser,short,-16.98,-26.59%,+5.37%,46.01,43.54,-9.83%,43.43,47.70,+1.74%,47.13,46.31,+2.56%,49.98,48.70,+1.75%,48.58,47.73,-0.13%,47.29,47.35,-4.61%,47.24,49.42,+4.06%,49.25,47.25,-2.49%,47.36,48.54,+3.09%,48.50,47.00,+5.63%,47.63,44.95
PRGO,2025-11-05,loser,long,-5.09,-25.21%,-1.91%,15.22,14.93,-2.89%,14.87,14.44,-1.59%,14.48,14.25,-0.07%,14.31,14.30,-0.91%,14.29,14.16,-1.13%,14.13,13.97,-1.36%,13.97,13.78,-1.67%,13.79,13.56,-0.81%,13.50,13.39,-3.83%,13.33,12.82,-4.29%,12.81,12.26
PRGO,2025-11-05,loser,short,-5.09,-25.21%,+1.91%,15.22,14.93,+2.89%,14.87,14.44,+1.59%,14.48,14.25,+0.07%,14.31,14.30,+0.91%,14.29,14.16,+1.13%,14.13,13.97,+1.36%,13.97,13.78,+1.67%,13.79,13.56,+0.81%,13.50,13.39,+3.83%,13.33,12.82,+4.29%,12.81,12.26
PINS,2025-11-05,loser,long,-7.16,-21.76%,+0.77%,26.08,26.28,+3.59%,26.15,27.09,-0.77%,27.22,27.01,+1.48%,26.96,27.36,-0.76%,27.53,27.32,-1.18%,27.09,26.77,+2.07%,26.08,26.62,-4.20%,26.64,25.52,+1.98%,25.27,25.77,-1.20%,25.80,25.49,-3.65%,25.75,24.81
PINS,2025-11-05,loser,short,-7.16,-21.76%,-0.77%,26.08,26.28,-3.59%,26.15,27.09,+0.77%,27.22,27.01,-1.48%,26.96,27.36,+0.76%,27.53,27.32,+1.18%,27.09,26.77,-2.07%,26.08,26.62,+4.20%,26.64,25.52,-1.98%,25.27,25.77,+1.20%,25.80,25.49,+3.65%,25.75,24.81
SUPN,2025-11-05,loser,long,-9.89,-17.35%,+0.39%,47.08,47.26,-1.60%,46.77,46.02,-1.48%,46.08,45.40,+1.56%,45.40,46.11,-3.13%,46.06,44.62,-0.38%,44.61,44.44,+1.17%,44.48,45.00,+0.87%,44.70,45.09,-0.47%,45.11,44.90,+2.26%,44.69,45.70,-1.72%,45.58,44.79
SUPN,2025-11-05,loser,short,-9.89,-17.35%,-0.39%,47.08,47.26,+1.60%,46.77,46.02,+1.48%,46.08,45.40,-1.56%,45.40,46.11,+3.13%,46.06,44.62,+0.38%,44.61,44.44,-1.17%,44.48,45.00,-0.87%,44.70,45.09,+0.47%,45.11,44.90,-2.26%,44.69,45.70,+1.72%,45.58,44.79
HAE,2025-11-06,gainer,long,+16.39,+32.31%,+1.56%,67.31,68.36,+2.61%,68.69,70.48,+1.21%,70.87,71.73,+2.18%,71.56,73.12,+0.90%,73.25,73.91,+1.45%,72.44,73.49,+0.43%,74.00,74.32,-0.16%,74.52,74.40,+1.14%,74.34,75.19,-0.09%,75.19,75.12,+4.04%,75.73,78.79
HAE,2025-11-06,gainer,short,+16.39,+32.31%,-1.56%,67.31,68.36,-2.61%,68.69,70.48,-1.21%,70.87,71.73,-2.18%,71.56,73.12,-0.90%,73.25,73.91,-1.45%,72.44,73.49,-0.43%,74.00,74.32,+0.16%,74.52,74.40,-1.14%,74.34,75.19,+0.09%,75.19,75.12,-4.04%,75.73,78.79
APPN,2025-11-06,gainer,long,+9.03,+30.79%,+5.86%,38.06,40.29,+3.70%,40.80,42.31,+3.95%,42.54,44.22,+2.98%,44.32,45.64,-4.63%,45.14,43.05,+2.85%,42.07,43.27,-3.69%,43.13,41.54,+2.03%,41.38,42.22,-2.21%,42.11,41.18,-4.62%,42.02,40.08,+3.04%,40.12,41.34
APPN,2025-11-06,gainer,short,+9.03,+30.79%,-5.86%,38.06,40.29,-3.70%,40.80,42.31,-3.95%,42.54,44.22,-2.98%,44.32,45.64,+4.63%,45.14,43.05,-2.85%,42.07,43.27,+3.69%,43.13,41.54,-2.03%,41.38,42.22,+2.21%,42.11,41.18,+4.62%,42.02,40.08,-3.04%,40.12,41.34
LFST,2025-11-06,gainer,long,+1.44,+29.94%,-1.26%,6.37,6.29,+2.06%,6.30,6.43,+0.15%,6.46,6.47,+0.62%,6.40,6.44,-2.92%,6.50,6.31,+1.91%,6.28,6.40,-1.73%,6.36,6.25,+0.81%,6.15,6.20,-1.12%,6.25,6.18,-1.12%,6.25,6.18,+4.38%,6.17,6.44
LFST,2025-11-06,gainer,short,+1.44,+29.94%,+1.26%,6.37,6.29,-2.06%,6.30,6.43,-0.15%,6.46,6.47,-0.62%,6.40,6.44,+2.92%,6.50,6.31,-1.91%,6.28,6.40,+1.73%,6.36,6.25,-0.81%,6.15,6.20,+1.12%,6.25,6.18,+1.12%,6.25,6.18,-4.38%,6.17,6.44
BHF,2025-11-06,gainer,long,+13.90,+26.83%,+0.47%,65.70,66.01,-0.11%,65.98,65.91,-0.18%,65.95,65.83,-0.05%,65.85,65.82,-0.15%,65.89,65.79,+0.09%,65.72,65.78,-0.29%,65.81,65.62,+0.24%,65.62,65.78,-0.14%,65.76,65.67,-0.32%,65.74,65.53,-0.12%,65.65,65.57
BHF,2025-11-06,gainer,short,+13.90,+26.83%,-0.47%,65.70,66.01,+0.11%,65.98,65.91,+0.18%,65.95,65.83,+0.05%,65.85,65.82,+0.15%,65.89,65.79,-0.09%,65.72,65.78,+0.29%,65.81,65.62,-0.24%,65.62,65.78,+0.14%,65.76,65.67,+0.32%,65.74,65.53,+0.12%,65.65,65.57
DDOG,2025-11-06,gainer,long,+35.84,+23.13%,+3.79%,184.26,191.24,+3.75%,192.50,199.72,-0.40%,198.65,197.86,-4.32%,199.50,190.89,-2.12%,190.00,185.97,+2.21%,181.02,185.01,-2.13%,184.18,180.26,-0.21%,176.84,176.46,-0.01%,176.32,176.31,-8.51%,174.41,159.57,-0.20%,157.86,157.55
DDOG,2025-11-06,gainer,short,+35.84,+23.13%,-3.79%,184.26,191.24,-3.75%,192.50,199.72,+0.40%,198.65,197.86,+4.32%,199.50,190.89,+2.12%,190.00,185.97,-2.21%,181.02,185.01,+2.13%,184.18,180.26,+0.21%,176.84,176.46,+0.01%,176.32,176.31,+8.51%,174.41,159.57,+0.20%,157.86,157.55
ELF,2025-11-06,loser,long,-41.29,-35.04%,-2.52%,75.65,73.74,+5.20%,75.90,79.85,-2.40%,79.89,77.97,-0.33%,78.00,77.74,-3.39%,77.00,74.39,+1.35%,72.53,73.51,-1.44%,73.85,72.79,+1.47%,72.00,73.06,-1.89%,72.61,71.24,-4.97%,72.00,68.42,+2.85%,68.11,70.05
ELF,2025-11-06,loser,short,-41.29,-35.04%,+2.52%,75.65,73.74,-5.20%,75.90,79.85,+2.40%,79.89,77.97,+0.33%,78.00,77.74,+3.39%,77.00,74.39,-1.35%,72.53,73.51,+1.44%,73.85,72.79,-1.47%,72.00,73.06,+1.89%,72.61,71.24,+4.97%,72.00,68.42,-2.85%,68.11,70.05
DUOL,2025-11-06,loser,long,-66.28,-25.49%,+5.35%,191.00,201.21,-4.92%,202.79,192.80,+1.46%,192.09,194.89,-4.26%,194.88,186.58,+0.34%,185.90,186.54,+0.04%,184.99,185.07,-1.77%,181.49,178.27,-1.54%,178.20,175.45,-0.78%,175.85,174.48,-4.13%,175.24,168.01,+3.00%,167.76,172.78
DUOL,2025-11-06,loser,short,-66.28,-25.49%,-5.35%,191.00,201.21,+4.92%,202.79,192.80,-1.46%,192.09,194.89,+4.26%,194.88,186.58,-0.34%,185.90,186.54,-0.04%,184.99,185.07,+1.77%,181.49,178.27,+1.54%,178.20,175.45,+0.78%,175.85,174.48,+4.13%,175.24,168.01,-3.00%,167.76,172.78
RELY,2025-11-06,loser,long,-4.13,-25.12%,+3.08%,12.33,12.71,-1.63%,12.87,12.66,-1.19%,12.64,12.49,-2.17%,12.47,12.20,+2.13%,12.23,12.49,+0.77%,12.31,12.41,+0.40%,12.55,12.60,+2.24%,12.52,12.80,-1.33%,12.78,12.61,-2.94%,12.77,12.40,+0.56%,12.42,12.49
RELY,2025-11-06,loser,short,-4.13,-25.12%,-3.08%,12.33,12.71,+1.63%,12.87,12.66,+1.19%,12.64,12.49,+2.17%,12.47,12.20,-2.13%,12.23,12.49,-0.77%,12.31,12.41,-0.40%,12.55,12.60,-2.24%,12.52,12.80,+1.33%,12.78,12.61,+2.94%,12.77,12.40,-0.56%,12.42,12.49
CELH,2025-11-06,loser,long,-14.86,-24.80%,-9.34%,45.80,41.52,+0.36%,44.40,44.56,-1.86%,44.56,43.73,+1.49%,44.25,44.91,-2.78%,45.27,44.01,-0.65%,43.07,42.79,-5.93%,42.69,40.16,+0.87%,40.29,40.64,+1.13%,40.74,41.20,-6.73%,42.04,39.21,-0.84%,39.32,38.99
CELH,2025-11-06,loser,short,-14.86,-24.80%,+9.34%,45.80,41.52,-0.36%,44.40,44.56,+1.86%,44.56,43.73,-1.49%,44.25,44.91,+2.78%,45.27,44.01,+0.65%,43.07,42.79,+5.93%,42.69,40.16,-0.87%,40.29,40.64,-1.13%,40.74,41.20,+6.73%,42.04,39.21,+0.84%,39.32,38.99
KMX,2025-11-06,loser,long,-9.93,-24.33%,+5.20%,30.76,32.36,+3.81%,32.03,33.25,+1.94%,33.49,34.14,+2.17%,33.69,34.42,+1.73%,34.20,34.79,-0.66%,34.66,34.43,-6.60%,34.38,32.11,+4.17%,32.10,33.44,+1.79%,33.60,34.20,-2.73%,34.46,33.52,+3.79%,34.04,35.33
KMX,2025-11-06,loser,short,-9.93,-24.33%,-5.20%,30.76,32.36,-3.81%,32.03,33.25,-1.94%,33.49,34.14,-2.17%,33.69,34.42,-1.73%,34.20,34.79,+0.66%,34.66,34.43,+6.60%,34.38,32.11,-4.17%,32.10,33.44,-1.79%,33.60,34.20,+2.73%,34.46,33.52,-3.79%,34.04,35.33
GMED,2025-11-07,gainer,long,+22.18,+35.94%,+3.59%,83.37,86.36,-1.23%,86.00,84.94,-0.34%,85.00,84.71,-0.38%,84.31,83.99,+2.33%,82.53,84.45,-1.50%,84.91,83.64,-0.18%,83.57,83.42,+0.38%,83.50,83.82,-2.14%,84.08,82.28,+3.64%,83.00,86.02,+2.15%,86.10,87.95
GMED,2025-11-07,gainer,short,+22.18,+35.94%,-3.59%,83.37,86.36,+1.23%,86.00,84.94,+0.34%,85.00,84.71,+0.38%,84.31,83.99,-2.33%,82.53,84.45,+1.50%,84.91,83.64,+0.18%,83.57,83.42,-0.38%,83.50,83.82,+2.14%,84.08,82.28,-3.64%,83.00,86.02,-2.15%,86.10,87.95
FROG,2025-11-07,gainer,long,+12.74,+26.96%,+6.31%,60.50,64.32,+1.41%,63.12,64.01,-3.64%,64.00,61.67,-2.79%,61.29,59.58,+1.88%,58.00,59.09,-3.61%,59.00,56.87,+2.74%,56.54,58.09,+4.79%,58.08,60.86,-4.47%,62.02,59.25,+0.34%,59.02,59.22,+4.76%,58.43,61.21
FROG,2025-11-07,gainer,short,+12.74,+26.96%,-6.31%,60.50,64.32,-1.41%,63.12,64.01,+3.64%,64.00,61.67,+2.79%,61.29,59.58,-1.88%,58.00,59.09,+3.61%,59.00,56.87,-2.74%,56.54,58.09,-4.79%,58.08,60.86,+4.47%,62.02,59.25,-0.34%,59.02,59.22,-4.76%,58.43,61.21
EOSE,2025-11-07,gainer,long,+2.97,+19.42%,+4.92%,18.29,19.19,-2.29%,18.95,18.52,-9.46%,19.07,17.27,-11.03%,17.09,15.20,-3.33%,14.27,13.80,-3.74%,13.51,13.00,+6.44%,12.66,13.48,+2.04%,12.52,12.78,-3.45%,13.34,12.88,-4.78%,12.98,12.36,+3.59%,12.66,13.12
EOSE,2025-11-07,gainer,short,+2.97,+19.42%,-4.92%,18.29,19.19,+2.29%,18.95,18.52,+9.46%,19.07,17.27,+11.03%,17.09,15.20,+3.33%,14.27,13.80,+3.74%,13.51,13.00,-6.44%,12.66,13.48,-2.04%,12.52,12.78,+3.45%,13.34,12.88,+4.78%,12.98,12.36,-3.59%,12.66,13.12
OS,2025-11-07,gainer,long,+3.66,+19.18%,+4.26%,22.77,23.74,-2.76%,23.53,22.88,-3.53%,22.94,22.13,-1.55%,21.96,21.62,+2.90%,21.07,21.68,-3.63%,21.50,20.72,-0.10%,20.60,20.58,-0.59%,20.50,20.38,-6.14%,20.67,19.40,+3.56%,19.37,20.06,+1.65%,20.03,20.36
OS,2025-11-07,gainer,short,+3.66,+19.18%,-4.26%,22.77,23.74,+2.76%,23.53,22.88,+3.53%,22.94,22.13,+1.55%,21.96,21.62,-2.90%,21.07,21.68,+3.63%,21.50,20.72,+0.10%,20.60,20.58,+0.59%,20.50,20.38,+6.14%,20.67,19.40,-3.56%,19.37,20.06,-1.65%,20.03,20.36
EXPE,2025-11-07,gainer,long,+38.55,+17.55%,+2.19%,262.30,268.04,-1.00%,268.00,265.32,+2.03%,268.20,273.65,-2.00%,272.80,267.35,-0.78%,266.75,264.66,-7.44%,263.79,244.16,-0.83%,242.02,240.00,+0.06%,239.82,239.96,-3.02%,242.07,234.77,+3.66%,238.76,247.49,+0.50%,247.90,249.14
EXPE,2025-11-07,gainer,short,+38.55,+17.55%,-2.19%,262.30,268.04,+1.00%,268.00,265.32,-2.03%,268.20,273.65,+2.00%,272.80,267.35,+0.78%,266.75,264.66,+7.44%,263.79,244.16,+0.83%,242.02,240.00,-0.06%,239.82,239.96,+3.02%,242.07,234.77,-3.66%,238.76,247.49,-0.50%,247.90,249.14
UI,2025-11-07,loser,long,-147.38,-19.40%,-6.86%,632.82,589.43,+0.04%,581.15,581.37,+0.25%,583.35,584.81,-4.06%,581.24,557.65,+3.48%,539.80,558.56,-2.38%,554.68,541.50,-0.95%,537.23,532.10,+0.57%,532.04,535.07,-6.28%,550.00,515.44,+2.83%,516.00,530.62,+4.88%,530.50,556.40
UI,2025-11-07,loser,short,-147.38,-19.40%,+6.86%,632.82,589.43,-0.04%,581.15,581.37,-0.25%,583.35,584.81,+4.06%,581.24,557.65,-3.48%,539.80,558.56,+2.38%,554.68,541.50,+0.95%,537.23,532.10,-0.57%,532.04,535.07,+6.28%,550.00,515.44,-2.83%,516.00,530.62,-4.88%,530.50,556.40
PRMB,2025-11-07,loser,long,-3.24,-18.31%,+4.01%,14.96,15.56,-1.02%,15.63,15.47,-1.89%,16.39,16.08,+0.12%,16.29,16.31,+1.23%,16.22,16.42,-4.69%,16.41,15.64,-0.13%,15.55,15.53,-1.23%,15.47,15.28,-2.03%,15.29,14.98,+0.27%,15.01,15.05,+0.67%,14.86,14.96
PRMB,2025-11-07,loser,short,-3.24,-18.31%,-4.01%,14.96,15.56,+1.02%,15.63,15.47,+1.89%,16.39,16.08,-0.12%,16.29,16.31,-1.23%,16.22,16.42,+4.69%,16.41,15.64,+0.13%,15.55,15.53,+1.23%,15.47,15.28,+2.03%,15.29,14.98,-0.27%,15.01,15.05,-0.67%,14.86,14.96
RUN,2025-11-07,loser,long,-3.29,-16.11%,+0.08%,18.33,18.35,+7.57%,18.36,19.75,-3.76%,20.20,19.44,-1.82%,19.22,18.87,+3.73%,17.98,18.65,-0.35%,18.64,18.57,+5.72%,18.18,19.22,-1.51%,19.24,18.95,-8.81%,19.53,17.81,-0.14%,17.95,17.93,+1.97%,17.74,18.09
RUN,2025-11-07,loser,short,-3.29,-16.11%,-0.08%,18.33,18.35,-7.57%,18.36,19.75,+3.76%,20.20,19.44,+1.82%,19.22,18.87,-3.73%,17.98,18.65,+0.35%,18.64,18.57,-5.72%,18.18,19.22,+1.51%,19.24,18.95,+8.81%,19.53,17.81,+0.14%,17.95,17.93,-1.97%,17.74,18.09
DIOD,2025-11-07,loser,long,-7.53,-14.53%,+5.10%,44.35,46.61,+0.71%,46.56,46.89,-0.34%,46.92,46.76,-2.17%,46.00,45.00,+1.76%,43.80,44.57,-0.36%,43.90,43.74,-0.05%,43.13,43.11,-0.60%,43.39,43.13,-3.84%,44.05,42.36,+5.39%,42.45,44.74,+1.54%,44.74,45.43
DIOD,2025-11-07,loser,short,-7.53,-14.53%,-5.10%,44.35,46.61,-0.71%,46.56,46.89,+0.34%,46.92,46.76,+2.17%,46.00,45.00,-1.76%,43.80,44.57,+0.36%,43.90,43.74,+0.05%,43.13,43.11,+0.60%,43.39,43.13,+3.84%,44.05,42.36,-5.39%,42.45,44.74,-1.54%,44.74,45.43
DOCS,2025-11-07,loser,long,-8.29,-13.25%,-2.69%,53.99,52.54,-1.55%,53.55,52.72,-3.67%,52.90,50.96,-0.56%,50.00,49.72,+0.55%,49.35,49.62,-4.52%,49.30,47.07,+0.89%,47.00,47.42,+0.27%,47.87,48.00,-4.70%,48.71,46.42,+6.30%,47.43,50.42,-1.09%,50.50,49.95
DOCS,2025-11-07,loser,short,-8.29,-13.25%,+2.69%,53.99,52.54,+1.55%,53.55,52.72,+3.67%,52.90,50.96,+0.56%,50.00,49.72,-0.55%,49.35,49.62,+4.52%,49.30,47.07,-0.89%,47.00,47.42,-0.27%,47.87,48.00,+4.70%,48.71,46.42,-6.30%,47.43,50.42,+1.09%,50.50,49.95
COGT,2025-11-10,gainer,long,+17.64,+119.03%,+7.43%,31.11,33.42,+7.73%,32.73,35.26,-5.58%,35.83,33.83,+4.62%,32.06,33.54,+0.63%,33.54,33.75,-0.45%,33.55,33.40,+4.77%,33.35,34.94,-3.40%,35.92,34.70,+5.88%,34.72,36.76,+4.99%,36.71,38.54,+3.20%,38.49,39.72
COGT,2025-11-10,gainer,short,+17.64,+119.03%,-7.43%,31.11,33.42,-7.73%,32.73,35.26,+5.58%,35.83,33.83,-4.62%,32.06,33.54,-0.63%,33.54,33.75,+0.45%,33.55,33.40,-4.77%,33.35,34.94,+3.40%,35.92,34.70,-5.88%,34.72,36.76,-4.99%,36.71,38.54,-3.20%,38.49,39.72
NVTS,2025-11-10,gainer,long,+1.76,+22.45%,-3.70%,9.47,9.12,-6.49%,9.24,8.64,-5.52%,8.37,7.91,+8.13%,7.50,8.11,-2.15%,7.90,7.73,+2.23%,7.61,7.78,-0.77%,7.78,7.72,-11.12%,8.49,7.55,+1.72%,7.43,7.56,+7.94%,7.68,8.29,+0.25%,8.01,8.03
NVTS,2025-11-10,gainer,short,+1.76,+22.45%,+3.70%,9.47,9.12,+6.49%,9.24,8.64,+5.52%,8.37,7.91,-8.13%,7.50,8.11,+2.15%,7.90,7.73,-2.23%,7.61,7.78,+0.77%,7.78,7.72,+11.12%,8.49,7.55,-1.72%,7.43,7.56,-7.94%,7.68,8.29,-0.25%,8.01,8.03
OPEN,2025-11-10,gainer,long,+1.43,+21.77%,+6.53%,7.96,8.48,+10.24%,8.50,9.37,-4.62%,8.98,8.56,+0.50%,8.08,8.12,-2.43%,8.03,7.84,+0.67%,7.47,7.52,-8.73%,7.33,6.69,-11.43%,6.95,6.16,+8.17%,6.24,6.75,+13.93%,6.75,7.69,+1.31%,7.64,7.74
OPEN,2025-11-10,gainer,short,+1.43,+21.77%,-6.53%,7.96,8.48,-10.24%,8.50,9.37,+4.62%,8.98,8.56,-0.50%,8.08,8.12,+2.43%,8.03,7.84,-0.67%,7.47,7.52,+8.73%,7.33,6.69,+11.43%,6.95,6.16,-8.17%,6.24,6.75,-13.93%,6.75,7.69,-1.31%,7.64,7.74
MLYS,2025-11-10,gainer,long,+6.48,+17.04%,+12.17%,42.00,47.11,+0.28%,47.20,47.33,-5.77%,47.00,44.29,-4.42%,42.74,40.85,+8.61%,40.75,44.26,-1.43%,44.02,43.39,-2.88%,43.37,42.12,-2.42%,42.91,41.87,+1.18%,41.38,41.87,+0.47%,42.40,42.60,-1.75%,42.95,42.20
MLYS,2025-11-10,gainer,short,+6.48,+17.04%,-12.17%,42.00,47.11,-0.28%,47.20,47.33,+5.77%,47.00,44.29,+4.42%,42.74,40.85,-8.61%,40.75,44.26,+1.43%,44.02,43.39,+2.88%,43.37,42.12,+2.42%,42.91,41.87,-1.18%,41.38,41.87,-0.47%,42.40,42.60,+1.75%,42.95,42.20
TSEM,2025-11-10,gainer,long,+14.03,+16.69%,+0.53%,99.25,99.78,+3.45%,102.87,106.42,-5.44%,104.79,99.09,+4.57%,94.92,99.26,-3.80%,99.14,95.37,+1.34%,95.39,96.67,+1.92%,96.67,98.53,-11.06%,103.00,91.61,+2.23%,91.61,93.65,+1.01%,95.09,96.05,+3.92%,94.30,98.00
TSEM,2025-11-10,gainer,short,+14.03,+16.69%,-0.53%,99.25,99.78,-3.45%,102.87,106.42,+5.44%,104.79,99.09,-4.57%,94.92,99.26,+3.80%,99.14,95.37,-1.34%,95.39,96.67,-1.92%,96.67,98.53,+11.06%,103.00,91.61,-2.23%,91.61,93.65,-1.01%,95.09,96.05,-3.92%,94.30,98.00
SGRY,2025-11-10,loser,long,-5.47,-25.42%,-2.69%,16.18,15.74,+0.95%,15.71,15.86,-2.48%,15.70,15.31,-0.26%,15.32,15.28,-1.76%,15.33,15.06,+1.13%,15.01,15.18,+3.83%,15.13,15.71,-3.01%,15.77,15.30,+4.01%,15.23,15.84,+2.45%,15.90,16.29,+3.68%,16.29,16.89
SGRY,2025-11-10,loser,short,-5.47,-25.42%,+2.69%,16.18,15.74,-0.95%,15.71,15.86,+2.48%,15.70,15.31,+0.26%,15.32,15.28,+1.76%,15.33,15.06,-1.13%,15.01,15.18,-3.83%,15.13,15.71,+3.01%,15.77,15.30,-4.01%,15.23,15.84,-2.45%,15.90,16.29,-3.68%,16.29,16.89
BTDR,2025-11-10,loser,long,-4.34,-19.74%,-13.18%,17.30,15.02,-10.12%,15.51,13.94,+2.30%,10.86,11.11,+0.57%,10.46,10.52,+3.00%,10.32,10.63,+3.68%,10.33,10.71,-3.33%,10.52,10.17,-4.61%,10.64,10.15,+3.31%,9.96,10.29,+10.66%,10.41,11.52,+5.58%,11.29,11.92
BTDR,2025-11-10,loser,short,-4.34,-19.74%,+13.18%,17.30,15.02,+10.12%,15.51,13.94,-2.30%,10.86,11.11,-0.57%,10.46,10.52,-3.00%,10.32,10.63,-3.68%,10.33,10.71,+3.33%,10.52,10.17,+4.61%,10.64,10.15,-3.31%,9.96,10.29,-10.66%,10.41,11.52,-5.58%,11.29,11.92
OSCR,2025-11-10,loser,long,-3.11,-17.55%,+0.81%,14.73,14.85,+1.34%,14.90,15.10,-5.74%,14.80,13.95,+1.91%,13.62,13.88,+0.71%,14.15,14.25,+5.45%,13.95,14.71,-3.83%,14.64,14.08,-8.82%,14.29,13.03,+3.37%,13.04,13.48,+1.48%,16.25,16.49,+2.39%,16.34,16.73
OSCR,2025-11-10,loser,short,-3.11,-17.55%,-0.81%,14.73,14.85,-1.34%,14.90,15.10,+5.74%,14.80,13.95,-1.91%,13.62,13.88,-0.71%,14.15,14.25,-5.45%,13.95,14.71,+3.83%,14.64,14.08,+8.82%,14.29,13.03,-3.37%,13.04,13.48,-1.48%,16.25,16.49,-2.39%,16.34,16.73
MTSR,2025-11-10,loser,long,-12.31,-14.80%,+0.27%,70.61,70.80,+0.00%,70.75,70.75,-0.34%,70.74,70.50,+0.00%,70.50,70.50,,,,,,,,,,,,,,,,,,,,,
MTSR,2025-11-10,loser,short,-12.31,-14.80%,-0.27%,70.61,70.80,-0.00%,70.75,70.75,+0.34%,70.74,70.50,-0.00%,70.50,70.50,,,,,,,,,,,,,,,,,,,,,
MNDY,2025-11-10,loser,long,-23.38,-12.33%,-0.69%,166.33,165.18,-3.67%,165.18,159.11,+1.33%,158.50,160.61,+2.18%,157.11,160.54,-6.29%,160.43,150.34,+2.63%,149.25,153.18,-1.91%,151.82,148.92,-3.89%,151.11,145.23,+1.14%,145.20,146.85,-1.49%,147.43,145.24,+1.92%,145.00,147.78
MNDY,2025-11-10,loser,short,-23.38,-12.33%,+0.69%,166.33,165.18,+3.67%,165.18,159.11,-1.33%,158.50,160.61,-2.18%,157.11,160.54,+6.29%,160.43,150.34,-2.63%,149.25,153.18,+1.91%,151.82,148.92,+3.89%,151.11,145.23,-1.14%,145.20,146.85,+1.49%,147.43,145.24,-1.92%,145.00,147.78
EWTX,2025-11-11,gainer,long,+3.20,+17.51%,-1.21%,21.43,21.17,-3.22%,21.10,20.42,+10.87%,20.52,22.75,-0.76%,22.43,22.26,-0.45%,22.26,22.16,+0.81%,22.16,22.34,-2.41%,22.80,22.25,+2.12%,22.20,22.67,+3.57%,22.67,23.48,+2.47%,23.48,24.06,+5.28%,24.24,25.52
EWTX,2025-11-11,gainer,short,+3.20,+17.51%,+1.21%,21.43,21.17,+3.22%,21.10,20.42,-10.87%,20.52,22.75,+0.76%,22.43,22.26,+0.45%,22.26,22.16,-0.81%,22.16,22.34,+2.41%,22.80,22.25,-2.12%,22.20,22.67,-3.57%,22.67,23.48,-2.47%,23.48,24.06,-5.28%,24.24,25.52
LB,2025-11-11,gainer,long,+10.55,+14.07%,-3.23%,84.23,81.51,-6.27%,78.00,73.11,+2.90%,72.44,74.54,-12.15%,70.44,61.88,+1.51%,61.09,62.01,+4.83%,61.66,64.64,-9.92%,66.32,59.74,-1.44%,58.25,57.41,-2.90%,58.37,56.68,-0.27%,56.25,56.10,+3.18%,55.06,56.81
LB,2025-11-11,gainer,short,+10.55,+14.07%,+3.23%,84.23,81.51,+6.27%,78.00,73.11,-2.90%,72.44,74.54,+12.15%,70.44,61.88,-1.51%,61.09,62.01,-4.83%,61.66,64.64,+9.92%,66.32,59.74,+1.44%,58.25,57.41,+2.90%,58.37,56.68,+0.27%,56.25,56.10,-3.18%,55.06,56.81
DNLI,2025-11-11,gainer,long,+1.98,+12.69%,-0.40%,17.59,17.52,-0.46%,17.23,17.15,+3.87%,16.79,17.44,-0.12%,17.39,17.37,+1.33%,17.25,17.48,-2.53%,17.36,16.92,-0.23%,17.20,17.16,+6.13%,16.96,18.00,+4.47%,18.12,18.93,+0.84%,18.97,19.13,+1.62%,19.09,19.40
DNLI,2025-11-11,gainer,short,+1.98,+12.69%,+0.40%,17.59,17.52,+0.46%,17.23,17.15,-3.87%,16.79,17.44,+0.12%,17.39,17.37,-1.33%,17.25,17.48,+2.53%,17.36,16.92,+0.23%,17.20,17.16,-6.13%,16.96,18.00,-4.47%,18.12,18.93,-0.84%,18.97,19.13,-1.62%,19.09,19.40
APGE,2025-11-11,gainer,long,+6.18,+10.89%,-1.16%,63.84,63.10,+0.86%,62.43,62.97,+4.88%,62.46,65.50,-0.63%,65.24,64.83,-0.03%,63.93,63.91,+1.01%,63.19,63.83,-2.07%,64.71,63.37,+4.79%,63.23,66.26,+0.65%,67.41,67.85,+4.82%,67.66,70.92,-3.19%,72.71,70.39
APGE,2025-11-11,gainer,short,+6.18,+10.89%,+1.16%,63.84,63.10,-0.86%,62.43,62.97,-4.88%,62.46,65.50,+0.63%,65.24,64.83,+0.03%,63.93,63.91,-1.01%,63.19,63.83,+2.07%,64.71,63.37,-4.79%,63.23,66.26,-0.65%,67.41,67.85,-4.82%,67.66,70.92,+3.19%,72.71,70.39
CWAN,2025-11-11,gainer,long,+1.71,+10.25%,-2.82%,20.36,19.79,-2.55%,19.58,19.08,+2.18%,18.84,19.25,+2.20%,19.54,19.97,+2.36%,20.35,20.83,+0.00%,20.69,20.69,+0.58%,20.63,20.75,+2.52%,21.05,21.58,+0.14%,21.67,21.70,+1.75%,21.75,22.13,-1.27%,22.01,21.73
CWAN,2025-11-11,gainer,short,+1.71,+10.25%,+2.82%,20.36,19.79,+2.55%,19.58,19.08,-2.18%,18.84,19.25,-2.20%,19.54,19.97,-2.36%,20.35,20.83,-0.00%,20.69,20.69,-0.58%,20.63,20.75,-2.52%,21.05,21.58,-0.14%,21.67,21.70,-1.75%,21.75,22.13,+1.27%,22.01,21.73
LIF,2025-11-11,loser,long,-20.51,-21.98%,-0.86%,77.60,76.93,-4.84%,76.93,73.21,+0.16%,69.95,70.06,-0.64%,70.24,69.79,-1.53%,69.10,68.04,+1.33%,67.60,68.50,-2.79%,71.32,69.33,+4.11%,69.65,72.51,+3.97%,76.10,79.12,+0.73%,78.34,78.91,-0.98%,79.24,78.46
LIF,2025-11-11,loser,short,-20.51,-21.98%,+0.86%,77.60,76.93,+4.84%,76.93,73.21,-0.16%,69.95,70.06,+0.64%,70.24,69.79,+1.53%,69.10,68.04,-1.33%,67.60,68.50,+2.79%,71.32,69.33,-4.11%,69.65,72.51,-3.97%,76.10,79.12,-0.73%,78.34,78.91,+0.98%,79.24,78.46
CRWV,2025-11-11,loser,long,-17.22,-16.31%,-6.88%,91.74,85.43,-7.16%,84.39,78.34,+2.00%,75.85,77.36,-0.24%,75.51,75.33,+0.66%,74.41,74.90,+0.07%,74.86,74.92,-16.21%,82.60,69.21,+1.23%,70.78,71.65,+0.89%,72.95,73.60,+0.35%,71.04,71.29,-0.59%,74.73,74.29
CRWV,2025-11-11,loser,short,-17.22,-16.31%,+6.88%,91.74,85.43,+7.16%,84.39,78.34,-2.00%,75.85,77.36,+0.24%,75.51,75.33,-0.66%,74.41,74.90,-0.07%,74.86,74.92,+16.21%,82.60,69.21,-1.23%,70.78,71.65,-0.89%,72.95,73.60,-0.35%,71.04,71.29,+0.59%,74.73,74.29
BTDR,2025-11-11,loser,long,-2.63,-14.90%,-10.12%,15.51,13.94,+2.30%,10.86,11.11,+0.57%,10.46,10.52,+3.00%,10.32,10.63,+3.68%,10.33,10.71,-3.33%,10.52,10.17,-4.61%,10.64,10.15,+3.31%,9.96,10.29,+10.66%,10.41,11.52,+5.58%,11.29,11.92,+6.11%,11.94,12.67
BTDR,2025-11-11,loser,short,-2.63,-14.90%,+10.12%,15.51,13.94,-2.30%,10.86,11.11,-0.57%,10.46,10.52,-3.00%,10.32,10.63,-3.68%,10.33,10.71,+3.33%,10.52,10.17,+4.61%,10.64,10.15,-3.31%,9.96,10.29,-10.66%,10.41,11.52,-5.58%,11.29,11.92,-6.11%,11.94,12.67
CENX,2025-11-11,loser,long,-4.43,-13.71%,+4.56%,28.28,29.57,-3.90%,30.22,29.04,+3.01%,27.94,28.78,-2.30%,28.70,28.04,-0.46%,27.33,27.20,+1.12%,27.63,27.94,-7.62%,28.35,26.19,+4.60%,25.82,27.01,+2.24%,27.20,27.81,+1.90%,27.95,28.48,-0.10%,28.78,28.75
CENX,2025-11-11,loser,short,-4.43,-13.71%,-4.56%,28.28,29.57,+3.90%,30.22,29.04,-3.01%,27.94,28.78,+2.30%,28.70,28.04,+0.46%,27.33,27.20,-1.12%,27.63,27.94,+7.62%,28.35,26.19,-4.60%,25.82,27.01,-2.24%,27.20,27.81,-1.90%,27.95,28.48,+0.10%,28.78,28.75
WULF,2025-11-11,loser,long,-1.93,-13.50%,+0.66%,12.56,12.64,-4.03%,12.17,11.68,-2.14%,11.23,10.99,+4.17%,10.61,11.05,+9.69%,10.94,12.00,+3.08%,11.86,12.23,-13.99%,13.44,11.56,-1.31%,11.44,11.29,+9.54%,11.53,12.63,+13.06%,12.33,13.94,+2.56%,14.47,14.84
WULF,2025-11-11,loser,short,-1.93,-13.50%,-0.66%,12.56,12.64,+4.03%,12.17,11.68,+2.14%,11.23,10.99,-4.17%,10.61,11.05,-9.69%,10.94,12.00,-3.08%,11.86,12.23,+13.99%,13.44,11.56,+1.31%,11.44,11.29,-9.54%,11.53,12.63,-13.06%,12.33,13.94,-2.56%,14.47,14.84
MH,2025-11-12,gainer,long,+2.72,+23.92%,+6.40%,14.07,14.97,+4.66%,15.03,15.73,-1.80%,15.55,15.27,+6.07%,15.31,16.24,+1.75%,16.60,16.89,-1.31%,16.85,16.63,+0.00%,16.64,16.64,+1.37%,16.73,16.96,+5.27%,17.09,17.99,-4.83%,18.00,17.13,+2.57%,17.11,17.55
MH,2025-11-12,gainer,short,+2.72,+23.92%,-6.40%,14.07,14.97,-4.66%,15.03,15.73,+1.80%,15.55,15.27,-6.07%,15.31,16.24,-1.75%,16.60,16.89,+1.31%,16.85,16.63,-0.00%,16.64,16.64,-1.37%,16.73,16.96,-5.27%,17.09,17.99,+4.83%,18.00,17.13,-2.57%,17.11,17.55
CNTA,2025-11-12,gainer,long,+4.16,+18.46%,-0.88%,26.20,25.97,+6.36%,25.96,27.61,-1.94%,27.86,27.32,+4.34%,27.18,28.36,-1.58%,28.45,28.00,-3.57%,28.56,27.54,+0.90%,27.73,27.98,+4.52%,28.10,29.37,-1.83%,29.50,28.96,-0.99%,29.27,28.98,-0.48%,29.17,29.03
CNTA,2025-11-12,gainer,short,+4.16,+18.46%,+0.88%,26.20,25.97,-6.36%,25.96,27.61,+1.94%,27.86,27.32,-4.34%,27.18,28.36,+1.58%,28.45,28.00,+3.57%,28.56,27.54,-0.90%,27.73,27.98,-4.52%,28.10,29.37,+1.83%,29.50,28.96,+0.99%,29.27,28.98,+0.48%,29.17,29.03
ONON,2025-11-12,gainer,long,+6.33,+17.99%,+0.26%,42.29,42.40,+0.00%,42.40,42.40,-1.43%,42.00,41.40,+2.35%,41.68,42.66,+1.36%,42.72,43.30,-3.61%,42.97,41.42,-0.70%,41.57,41.28,-0.63%,41.05,40.79,+2.48%,40.75,41.76,+2.91%,41.97,43.19,+1.50%,43.34,43.99
ONON,2025-11-12,gainer,short,+6.33,+17.99%,-0.26%,42.29,42.40,-0.00%,42.40,42.40,+1.43%,42.00,41.40,-2.35%,41.68,42.66,-1.36%,42.72,43.30,+3.61%,42.97,41.42,+0.70%,41.57,41.28,+0.63%,41.05,40.79,-2.48%,40.75,41.76,-2.91%,41.97,43.19,-1.50%,43.34,43.99
BBAI,2025-11-12,gainer,long,+1.09,+17.90%,-9.43%,7.00,6.34,-0.66%,6.10,6.06,-6.54%,5.96,5.57,+8.14%,5.53,5.98,-1.02%,5.90,5.84,-10.41%,6.15,5.51,-2.70%,5.55,5.40,+13.18%,5.54,6.27,+0.98%,6.13,6.19,-3.99%,6.27,6.02,+4.45%,6.07,6.34
BBAI,2025-11-12,gainer,short,+1.09,+17.90%,+9.43%,7.00,6.34,+0.66%,6.10,6.06,+6.54%,5.96,5.57,-8.14%,5.53,5.98,+1.02%,5.90,5.84,+10.41%,6.15,5.51,+2.70%,5.55,5.40,-13.18%,5.54,6.27,-0.98%,6.13,6.19,+3.99%,6.27,6.02,-4.45%,6.07,6.34
ORLA,2025-11-12,gainer,long,+1.46,+13.80%,+1.17%,11.95,12.09,+6.30%,11.42,12.14,+0.41%,12.05,12.10,+2.70%,12.20,12.53,-0.08%,12.69,12.68,-6.95%,12.67,11.79,-1.95%,11.82,11.59,+8.01%,11.61,12.54,+2.32%,12.51,12.80,+3.69%,13.00,13.48,+3.07%,13.68,14.10
ORLA,2025-11-12,gainer,short,+1.46,+13.80%,-1.17%,11.95,12.09,-6.30%,11.42,12.14,-0.41%,12.05,12.10,-2.70%,12.20,12.53,+0.08%,12.69,12.68,+6.95%,12.67,11.79,+1.95%,11.82,11.59,-8.01%,11.61,12.54,-2.32%,12.51,12.80,-3.69%,13.00,13.48,-3.07%,13.68,14.10
DGNX,2025-11-12,loser,long,-2.35,-14.37%,-6.90%,14.50,13.50,-19.74%,13.12,10.53,+16.75%,11.64,13.59,+2.08%,15.87,16.20,-16.76%,16.17,13.46,-12.11%,13.54,11.90,+5.85%,11.45,12.12,-6.72%,12.65,11.80,-0.61%,11.45,11.38,+4.36%,11.00,11.48,+3.96%,11.11,11.55
DGNX,2025-11-12,loser,short,-2.35,-14.37%,+6.90%,14.50,13.50,+19.74%,13.12,10.53,-16.75%,11.64,13.59,-2.08%,15.87,16.20,+16.76%,16.17,13.46,+12.11%,13.54,11.90,-5.85%,11.45,12.12,+6.72%,12.65,11.80,+0.61%,11.45,11.38,-4.36%,11.00,11.48,-3.96%,11.11,11.55
CRCL,2025-11-12,loser,long,-12.31,-12.52%,-4.28%,86.02,82.34,-1.93%,83.50,81.89,-6.36%,81.79,76.59,+1.30%,75.62,76.60,-8.85%,76.49,69.72,-6.12%,71.29,66.93,+6.58%,66.93,71.33,+1.03%,72.00,72.74,+1.40%,69.14,70.11,+2.09%,71.15,72.64,+6.13%,75.31,79.93
CRCL,2025-11-12,loser,short,-12.31,-12.52%,+4.28%,86.02,82.34,+1.93%,83.50,81.89,+6.36%,81.79,76.59,-1.30%,75.62,76.60,+8.85%,76.49,69.72,+6.12%,71.29,66.93,-6.58%,66.93,71.33,-1.03%,72.00,72.74,-1.40%,69.14,70.11,-2.09%,71.15,72.64,-6.13%,75.31,79.93
RGTI,2025-11-12,loser,long,-3.10,-9.87%,-6.58%,26.98,25.20,+7.97%,23.60,25.48,-0.81%,24.89,24.69,+5.59%,24.35,25.71,-1.24%,25.78,25.46,-13.44%,26.34,22.80,+2.08%,23.11,23.59,+11.94%,23.74,26.57,+2.32%,25.49,26.08,-3.06%,26.38,25.57,-0.66%,25.74,25.57
RGTI,2025-11-12,loser,short,-3.10,-9.87%,+6.58%,26.98,25.20,-7.97%,23.60,25.48,+0.81%,24.89,24.69,-5.59%,24.35,25.71,+1.24%,25.78,25.46,+13.44%,26.34,22.80,-2.08%,23.11,23.59,-11.94%,23.74,26.57,-2.32%,25.49,26.08,+3.06%,26.38,25.57,+0.66%,25.74,25.57
MENS,2025-11-12,loser,long,-3.96,-9.74%,+5.03%,36.41,38.24,-2.08%,39.00,38.19,-23.68%,40.25,30.72,+2.30%,29.18,29.85,+2.82%,28.37,29.17,+15.82%,28.32,32.80,-6.28%,32.80,30.74,+14.90%,30.81,35.40,-15.62%,35.98,30.36,-9.06%,33.00,30.01,-9.93%,30.20,27.20
MENS,2025-11-12,loser,short,-3.96,-9.74%,-5.03%,36.41,38.24,+2.08%,39.00,38.19,+23.68%,40.25,30.72,-2.30%,29.18,29.85,-2.82%,28.37,29.17,-15.82%,28.32,32.80,+6.28%,32.80,30.74,-14.90%,30.81,35.40,+15.62%,35.98,30.36,+9.06%,33.00,30.01,+9.93%,30.20,27.20
DQ,2025-11-12,loser,long,-3.46,-9.72%,-2.58%,32.56,31.72,+10.01%,30.47,33.52,+3.60%,33.30,34.50,-3.18%,33.35,32.29,-3.67%,32.45,31.26,-8.40%,31.20,28.58,-0.07%,28.24,28.22,+6.78%,28.78,30.73,-0.29%,30.74,30.65,+2.47%,30.75,31.51,+0.57%,31.50,31.68
DQ,2025-11-12,loser,short,-3.46,-9.72%,+2.58%,32.56,31.72,-10.01%,30.47,33.52,-3.60%,33.30,34.50,+3.18%,33.35,32.29,+3.67%,32.45,31.26,+8.40%,31.20,28.58,+0.07%,28.24,28.22,-6.78%,28.78,30.73,+0.29%,30.74,30.65,-2.47%,30.75,31.51,-0.57%,31.50,31.68
CLBT,2025-11-13,gainer,long,+3.31,+20.73%,-0.86%,18.61,18.45,-0.87%,18.33,18.17,+1.61%,18.01,18.30,-4.02%,18.40,17.66,-3.06%,17.99,17.44,-2.40%,17.30,16.88,-0.65%,16.99,16.88,+0.00%,16.80,16.80,+0.18%,16.80,16.83,+0.18%,16.83,16.86,+2.82%,16.67,17.14
CLBT,2025-11-13,gainer,short,+3.31,+20.73%,+0.86%,18.61,18.45,+0.87%,18.33,18.17,-1.61%,18.01,18.30,+4.02%,18.40,17.66,+3.06%,17.99,17.44,+2.40%,17.30,16.88,+0.65%,16.99,16.88,-0.00%,16.80,16.80,-0.18%,16.80,16.83,-0.18%,16.83,16.86,-2.82%,16.67,17.14
ONDS,2025-11-13,gainer,long,+1.05,+19.06%,+16.75%,6.15,7.18,-16.38%,7.48,6.26,+26.86%,6.18,7.84,+0.67%,7.45,7.50,-20.83%,7.92,6.27,+2.51%,6.57,6.74,+28.52%,6.78,8.72,-0.47%,8.48,8.44,-4.19%,8.60,8.24,-4.59%,8.28,7.90,-3.81%,7.88,7.58
ONDS,2025-11-13,gainer,short,+1.05,+19.06%,-16.75%,6.15,7.18,+16.38%,7.48,6.26,-26.86%,6.18,7.84,-0.67%,7.45,7.50,+20.83%,7.92,6.27,-2.51%,6.57,6.74,-28.52%,6.78,8.72,+0.47%,8.48,8.44,+4.19%,8.60,8.24,+4.59%,8.28,7.90,+3.81%,7.88,7.58
FLY,2025-11-13,gainer,long,+3.11,+16.99%,+9.44%,20.97,22.95,-14.00%,22.65,19.48,+4.00%,19.00,19.76,-1.57%,19.73,19.42,-13.72%,19.61,16.92,-1.44%,17.02,16.78,+0.66%,16.75,16.86,+2.18%,16.97,17.34,-1.08%,17.62,17.43,+0.28%,17.66,17.71,-2.21%,17.19,16.81
FLY,2025-11-13,gainer,short,+3.11,+16.99%,-9.44%,20.97,22.95,+14.00%,22.65,19.48,-4.00%,19.00,19.76,+1.57%,19.73,19.42,+13.72%,19.61,16.92,+1.44%,17.02,16.78,-0.66%,16.75,16.86,-2.18%,16.97,17.34,+1.08%,17.62,17.43,-0.28%,17.66,17.71,+2.21%,17.19,16.81
SEE,2025-11-13,gainer,long,+6.12,+16.82%,+1.48%,42.65,43.28,-0.02%,41.93,41.92,+2.10%,41.93,42.81,-0.54%,42.48,42.25,-0.54%,42.25,42.02,+1.26%,42.20,42.73,+1.81%,42.63,43.40,-0.37%,43.51,43.35,-1.04%,43.46,43.01,+0.09%,42.91,42.95,-0.72%,43.04,42.73
SEE,2025-11-13,gainer,short,+6.12,+16.82%,-1.48%,42.65,43.28,+0.02%,41.93,41.92,-2.10%,41.93,42.81,+0.54%,42.48,42.25,+0.54%,42.25,42.02,-1.26%,42.20,42.73,-1.81%,42.63,43.40,+0.37%,43.51,43.35,+1.04%,43.46,43.01,-0.09%,42.91,42.95,+0.72%,43.04,42.73
TTEK,2025-11-13,gainer,long,+4.96,+15.29%,-3.13%,37.38,36.21,-1.64%,36.29,35.69,-0.03%,35.65,35.64,-0.84%,35.65,35.35,-1.01%,35.55,35.19,-5.84%,35.10,33.05,-1.15%,33.08,32.70,+3.68%,32.91,34.12,+1.43%,34.29,34.78,-0.14%,34.79,34.74,+0.00%,34.48,34.48
TTEK,2025-11-13,gainer,short,+4.96,+15.29%,+3.13%,37.38,36.21,+1.64%,36.29,35.69,+0.03%,35.65,35.64,+0.84%,35.65,35.35,+1.01%,35.55,35.19,+5.84%,35.10,33.05,+1.15%,33.08,32.70,-3.68%,32.91,34.12,-1.43%,34.29,34.78,+0.14%,34.79,34.74,-0.00%,34.48,34.48
BTDR,2025-11-13,loser,long,-2.83,-20.30%,+0.57%,10.46,10.52,+3.00%,10.32,10.63,+3.68%,10.33,10.71,-3.33%,10.52,10.17,-4.61%,10.64,10.15,+3.31%,9.96,10.29,+10.66%,10.41,11.52,+5.58%,11.29,11.92,+6.11%,11.94,12.67,+2.44%,13.09,13.41,+4.90%,12.35,12.95
BTDR,2025-11-13,loser,short,-2.83,-20.30%,-0.57%,10.46,10.52,-3.00%,10.32,10.63,-3.68%,10.33,10.71,+3.33%,10.52,10.17,+4.61%,10.64,10.15,-3.31%,9.96,10.29,-10.66%,10.41,11.52,-5.58%,11.29,11.92,-6.11%,11.94,12.67,-2.44%,13.09,13.41,-4.90%,12.35,12.95
FRMI,2025-11-13,loser,long,-4.26,-19.58%,+6.34%,17.20,18.29,+1.89%,18.01,18.35,+3.32%,17.77,18.36,-7.90%,18.36,16.91,-14.20%,17.96,15.41,-9.47%,15.84,14.34,+3.62%,13.95,14.46,-3.32%,14.59,14.10,+12.29%,14.08,15.81,+2.30%,16.12,16.49,+1.67%,16.18,16.45
FRMI,2025-11-13,loser,short,-4.26,-19.58%,-6.34%,17.20,18.29,-1.89%,18.01,18.35,-3.32%,17.77,18.36,+7.90%,18.36,16.91,+14.20%,17.96,15.41,+9.47%,15.84,14.34,-3.62%,13.95,14.46,+3.32%,14.59,14.10,-12.29%,14.08,15.81,-2.30%,16.12,16.49,-1.67%,16.18,16.45
BE,2025-11-13,loser,long,-23.17,-18.28%,+16.70%,95.88,111.89,-0.04%,107.15,107.11,+1.25%,103.67,104.97,+3.74%,105.00,108.93,-17.44%,113.10,93.38,-4.29%,94.02,89.99,+6.02%,90.13,95.56,+1.73%,92.69,94.29,+1.28%,99.86,101.14,+4.84%,104.20,109.24,-7.61%,107.08,98.93
BE,2025-11-13,loser,short,-23.17,-18.28%,-16.70%,95.88,111.89,+0.04%,107.15,107.11,-1.25%,103.67,104.97,-3.74%,105.00,108.93,+17.44%,113.10,93.38,+4.29%,94.02,89.99,-6.02%,90.13,95.56,-1.73%,92.69,94.29,-1.28%,99.86,101.14,-4.84%,104.20,109.24,+7.61%,107.08,98.93
FLNC,2025-11-13,loser,long,-2.96,-15.41%,+16.94%,15.31,17.91,-1.54%,17.50,17.23,+1.67%,16.74,17.02,-2.44%,17.23,16.81,-12.77%,17.78,15.51,-0.90%,15.54,15.40,+1.94%,15.50,15.80,-7.55%,18.14,16.77,+7.78%,17.62,18.99,+2.08%,19.24,19.64,+1.84%,19.04,19.39
FLNC,2025-11-13,loser,short,-2.96,-15.41%,-16.94%,15.31,17.91,+1.54%,17.50,17.23,-1.67%,16.74,17.02,+2.44%,17.23,16.81,+12.77%,17.78,15.51,+0.90%,15.54,15.40,-1.94%,15.50,15.80,+7.55%,18.14,16.77,-7.78%,17.62,18.99,-2.08%,19.24,19.64,-1.84%,19.04,19.39
VIA,2025-11-13,loser,long,-7.36,-14.57%,+2.00%,43.01,43.87,-9.67%,43.11,38.94,-0.71%,38.21,37.94,-4.02%,37.82,36.30,+1.09%,36.60,37.00,-4.46%,37.19,35.53,+1.60%,35.53,36.10,+1.14%,36.07,36.48,-5.43%,36.25,34.28,+2.35%,34.03,34.83,-1.99%,34.24,33.56
VIA,2025-11-13,loser,short,-7.36,-14.57%,-2.00%,43.01,43.87,+9.67%,43.11,38.94,+0.71%,38.21,37.94,+4.02%,37.82,36.30,-1.09%,36.60,37.00,+4.46%,37.19,35.53,-1.60%,35.53,36.10,-1.14%,36.07,36.48,+5.43%,36.25,34.28,-2.35%,34.03,34.83,+1.99%,34.24,33.56
CDTX,2025-11-14,gainer,long,+111.72,+105.41%,+0.19%,217.50,217.91,+0.19%,218.00,218.41,+0.31%,218.35,219.02,+0.14%,219.25,219.55,-0.05%,219.45,219.35,+0.30%,219.60,220.25,-0.18%,220.04,219.65,-0.07%,219.90,219.75,+0.12%,219.61,219.88,+0.01%,219.71,219.73,+0.11%,219.65,219.89
CDTX,2025-11-14,gainer,short,+111.72,+105.41%,-0.19%,217.50,217.91,-0.19%,218.00,218.41,-0.31%,218.35,219.02,-0.14%,219.25,219.55,+0.05%,219.45,219.35,-0.30%,219.60,220.25,+0.18%,220.04,219.65,+0.07%,219.90,219.75,-0.12%,219.61,219.88,-0.01%,219.71,219.73,-0.11%,219.65,219.89
SRRK,2025-11-14,gainer,long,+7.34,+24.41%,-1.22%,36.92,36.47,+7.96%,36.87,39.81,+0.76%,39.39,39.69,-5.21%,40.11,38.02,+5.76%,38.02,40.21,+3.41%,40.41,41.79,-1.00%,41.89,41.47,+4.25%,41.39,43.15,+1.78%,43.29,44.06,-4.13%,43.80,41.99,+2.70%,40.00,41.08
SRRK,2025-11-14,gainer,short,+7.34,+24.41%,+1.22%,36.92,36.47,-7.96%,36.87,39.81,-0.76%,39.39,39.69,+5.21%,40.11,38.02,-5.76%,38.02,40.21,-3.41%,40.41,41.79,+1.00%,41.89,41.47,-4.25%,41.39,43.15,-1.78%,43.29,44.06,+4.13%,43.80,41.99,-2.70%,40.00,41.08
AVDL,2025-11-14,gainer,long,+4.32,+22.45%,-0.99%,23.25,23.02,-0.56%,23.07,22.94,+0.26%,23.04,23.10,-0.99%,23.17,22.94,+0.57%,22.90,23.03,-0.52%,23.04,22.92,+0.22%,22.88,22.93,-6.55%,22.90,21.40,+0.33%,21.42,21.49,-0.37%,21.50,21.42,-0.47%,21.45,21.35
AVDL,2025-11-14,gainer,short,+4.32,+22.45%,+0.99%,23.25,23.02,+0.56%,23.07,22.94,-0.26%,23.04,23.10,+0.99%,23.17,22.94,-0.57%,22.90,23.03,+0.52%,23.04,22.92,-0.22%,22.88,22.93,+6.55%,22.90,21.40,-0.33%,21.42,21.49,+0.37%,21.50,21.42,+0.47%,21.45,21.35
LGN,2025-11-14,gainer,long,+6.95,+20.86%,-2.00%,40.94,40.12,+9.72%,40.95,44.93,-1.38%,45.05,44.43,-9.60%,45.31,40.96,-1.57%,41.42,40.77,+4.94%,41.73,43.79,+3.05%,43.66,44.99,+0.33%,45.61,45.76,+0.09%,45.94,45.98,-2.31%,45.88,44.82,-1.01%,44.64,44.19
LGN,2025-11-14,gainer,short,+6.95,+20.86%,+2.00%,40.94,40.12,-9.72%,40.95,44.93,+1.38%,45.05,44.43,+9.60%,45.31,40.96,+1.57%,41.42,40.77,-4.94%,41.73,43.79,-3.05%,43.66,44.99,-0.33%,45.61,45.76,-0.09%,45.94,45.98,+2.31%,45.88,44.82,+1.01%,44.64,44.19
CSIQ,2025-11-14,gainer,long,+4.96,+17.33%,-10.12%,31.67,28.47,-4.88%,27.78,26.42,+3.61%,25.46,26.38,-17.85%,26.08,21.43,+5.26%,21.50,22.63,+10.16%,22.63,24.93,+2.71%,24.36,25.02,+7.29%,25.25,27.09,+0.44%,27.03,27.15,-7.98%,29.94,27.55,-6.94%,27.79,25.86
CSIQ,2025-11-14,gainer,short,+4.96,+17.33%,+10.12%,31.67,28.47,+4.88%,27.78,26.42,-3.61%,25.46,26.38,+17.85%,26.08,21.43,-5.26%,21.50,22.63,-10.16%,22.63,24.93,-2.71%,24.36,25.02,-7.29%,25.25,27.09,-0.44%,27.03,27.15,+7.98%,29.94,27.55,+6.94%,27.79,25.86
DGNX,2025-11-14,loser,long,-2.97,-22.00%,+16.75%,11.64,13.59,+2.08%,15.87,16.20,-16.76%,16.17,13.46,-12.11%,13.54,11.90,+5.85%,11.45,12.12,-6.72%,12.65,11.80,-0.61%,11.45,11.38,+4.36%,11.00,11.48,+3.96%,11.11,11.55,-4.55%,11.20,10.69,-1.22%,10.63,10.50
DGNX,2025-11-14,loser,short,-2.97,-22.00%,-16.75%,11.64,13.59,-2.08%,15.87,16.20,+16.76%,16.17,13.46,+12.11%,13.54,11.90,-5.85%,11.45,12.12,+6.72%,12.65,11.80,+0.61%,11.45,11.38,-4.36%,11.00,11.48,-3.96%,11.11,11.55,+4.55%,11.20,10.69,+1.22%,10.63,10.50
STUB,2025-11-14,loser,long,-3.95,-20.99%,-13.50%,14.82,12.82,-6.15%,12.85,12.06,-9.17%,12.00,10.90,-6.70%,11.05,10.31,+5.15%,10.30,10.83,+11.20%,10.80,12.01,+6.44%,11.96,12.73,-6.91%,12.74,11.86,-1.01%,11.85,11.73,-4.07%,11.55,11.08,+0.81%,11.07,11.16
STUB,2025-11-14,loser,short,-3.95,-20.99%,+13.50%,14.82,12.82,+6.15%,12.85,12.06,+9.17%,12.00,10.90,+6.70%,11.05,10.31,-5.15%,10.30,10.83,-11.20%,10.80,12.01,-6.44%,11.96,12.73,+6.91%,12.74,11.86,+1.01%,11.85,11.73,+4.07%,11.55,11.08,-0.81%,11.07,11.16
HTFL,2025-11-14,loser,long,-2.96,-9.57%,-4.45%,27.63,26.40,+4.64%,26.10,27.31,-0.77%,27.44,27.23,-0.68%,27.86,27.67,+10.34%,27.96,30.85,-1.31%,31.26,30.85,+7.57%,30.20,32.49,-4.00%,32.74,31.43,+0.81%,31.99,32.25,-5.81%,32.01,30.15,-1.66%,30.12,29.62
HTFL,2025-11-14,loser,short,-2.96,-9.57%,+4.45%,27.63,26.40,-4.64%,26.10,27.31,+0.77%,27.44,27.23,+0.68%,27.86,27.67,-10.34%,27.96,30.85,+1.31%,31.26,30.85,-7.57%,30.20,32.49,+4.00%,32.74,31.43,-0.81%,31.99,32.25,+5.81%,32.01,30.15,+1.66%,30.12,29.62
EOSE,2025-11-14,loser,long,-1.40,-9.24%,-3.74%,13.51,13.00,+6.44%,12.66,13.48,+2.04%,12.52,12.78,-3.45%,13.34,12.88,-4.78%,12.98,12.36,+3.59%,12.66,13.12,+1.28%,13.23,13.40,+5.26%,13.50,14.21,+4.15%,14.45,15.05,-6.53%,14.56,13.60,-6.54%,13.68,12.78
EOSE,2025-11-14,loser,short,-1.40,-9.24%,+3.74%,13.51,13.00,-6.44%,12.66,13.48,-2.04%,12.52,12.78,+3.45%,13.34,12.88,+4.78%,12.98,12.36,-3.59%,12.66,13.12,-1.28%,13.23,13.40,-5.26%,13.50,14.21,-4.15%,14.45,15.05,+6.53%,14.56,13.60,+6.54%,13.68,12.78
CLSK,2025-11-14,loser,long,-1.02,-8.51%,-0.58%,10.67,10.61,+3.35%,10.46,10.81,-4.75%,10.73,10.22,-9.02%,10.75,9.78,-0.15%,9.74,9.73,+12.22%,10.23,11.48,+7.63%,10.98,11.82,+9.48%,12.28,13.45,+6.04%,14.24,15.10,-1.33%,14.27,14.08,-6.22%,14.62,13.71
CLSK,2025-11-14,loser,short,-1.02,-8.51%,+0.58%,10.67,10.61,-3.35%,10.46,10.81,+4.75%,10.73,10.22,+9.02%,10.75,9.78,+0.15%,9.74,9.73,-12.22%,10.23,11.48,-7.63%,10.98,11.82,-9.48%,12.28,13.45,-6.04%,14.24,15.10,+1.33%,14.27,14.08,+6.22%,14.62,13.71
PACS,2025-11-17,gainer,long,+5.12,+48.39%,-6.12%,15.37,14.43,+17.12%,14.37,16.83,+1.75%,25.69,26.14,+7.67%,25.54,27.50,+8.51%,27.61,29.96,+6.97%,29.71,31.78,+0.82%,31.90,32.16,+2.83%,32.49,33.41,+0.33%,33.41,33.52,-5.95%,33.46,31.47,-0.60%,31.53,31.34
PACS,2025-11-17,gainer,short,+5.12,+48.39%,+6.12%,15.37,14.43,-17.12%,14.37,16.83,-1.75%,25.69,26.14,-7.67%,25.54,27.50,-8.51%,27.61,29.96,-6.97%,29.71,31.78,-0.82%,31.90,32.16,-2.83%,32.49,33.41,-0.33%,33.41,33.52,+5.95%,33.46,31.47,+0.60%,31.53,31.34
DGNX,2025-11-17,gainer,long,+3.06,+29.06%,+2.08%,15.87,16.20,-16.76%,16.17,13.46,-12.11%,13.54,11.90,+5.85%,11.45,12.12,-6.72%,12.65,11.80,-0.61%,11.45,11.38,+4.36%,11.00,11.48,+3.96%,11.11,11.55,-4.55%,11.20,10.69,-1.22%,10.63,10.50,-1.48%,10.15,10.00
DGNX,2025-11-17,gainer,short,+3.06,+29.06%,-2.08%,15.87,16.20,+16.76%,16.17,13.46,+12.11%,13.54,11.90,-5.85%,11.45,12.12,+6.72%,12.65,11.80,+0.61%,11.45,11.38,-4.36%,11.00,11.48,-3.96%,11.11,11.55,+4.55%,11.20,10.69,+1.22%,10.63,10.50,+1.48%,10.15,10.00
JAZZ,2025-11-17,gainer,long,+29.02,+20.57%,+6.13%,170.09,180.52,-2.39%,180.40,176.08,-0.31%,176.28,175.74,+0.78%,175.56,176.93,+3.44%,174.89,180.90,-0.65%,181.24,180.05,-2.58%,181.61,176.92,+0.04%,176.46,176.53,-1.21%,174.23,172.12,-3.67%,173.07,166.71,+0.07%,166.98,167.10
JAZZ,2025-11-17,gainer,short,+29.02,+20.57%,-6.13%,170.09,180.52,+2.39%,180.40,176.08,+0.31%,176.28,175.74,-0.78%,175.56,176.93,-3.44%,174.89,180.90,+0.65%,181.24,180.05,+2.58%,181.61,176.92,-0.04%,176.46,176.53,+1.21%,174.23,172.12,+3.67%,173.07,166.71,-0.07%,166.98,167.10
TERN,2025-11-17,gainer,long,+3.00,+13.30%,+9.76%,25.11,27.56,-0.57%,27.27,27.12,-4.36%,27.30,26.11,+1.25%,25.99,26.32,+3.85%,27.00,28.04,+1.89%,28.80,29.34,-2.58%,29.51,28.75,-3.04%,28.99,28.11,-1.01%,27.81,27.53,-7.20%,27.79,25.79,+6.06%,25.92,27.49
TERN,2025-11-17,gainer,short,+3.00,+13.30%,-9.76%,25.11,27.56,+0.57%,27.27,27.12,+4.36%,27.30,26.11,-1.25%,25.99,26.32,-3.85%,27.00,28.04,-1.89%,28.80,29.34,+2.58%,29.51,28.75,+3.04%,28.99,28.11,+1.01%,27.81,27.53,+7.20%,27.79,25.79,-6.06%,25.92,27.49
NUVL,2025-11-17,gainer,long,+11.50,+11.92%,-0.13%,104.38,104.24,+2.39%,104.63,107.13,+0.82%,107.13,108.01,-1.00%,106.95,105.88,+2.50%,106.86,109.53,+0.74%,109.05,109.86,-0.85%,110.00,109.06,+0.53%,108.78,109.35,-1.12%,107.63,106.42,-0.98%,106.00,104.96,+1.35%,105.48,106.90
NUVL,2025-11-17,gainer,short,+11.50,+11.92%,+0.13%,104.38,104.24,-2.39%,104.63,107.13,-0.82%,107.13,108.01,+1.00%,106.95,105.88,-2.50%,106.86,109.53,-0.74%,109.05,109.86,+0.85%,110.00,109.06,-0.53%,108.78,109.35,+1.12%,107.63,106.42,+0.98%,106.00,104.96,-1.35%,105.48,106.90
MENS,2025-11-17,loser,long,-7.47,-19.56%,+2.30%,29.18,29.85,+2.82%,28.37,29.17,+15.82%,28.32,32.80,-6.28%,32.80,30.74,+14.90%,30.81,35.40,-15.62%,35.98,30.36,-9.06%,33.00,30.01,-9.93%,30.20,27.20,+10.55%,26.91,29.75,-2.27%,30.00,29.32,+0.83%,29.01,29.25
MENS,2025-11-17,loser,short,-7.47,-19.56%,-2.30%,29.18,29.85,-2.82%,28.37,29.17,-15.82%,28.32,32.80,+6.28%,32.80,30.74,-14.90%,30.81,35.40,+15.62%,35.98,30.36,+9.06%,33.00,30.01,+9.93%,30.20,27.20,-10.55%,26.91,29.75,+2.27%,30.00,29.32,-0.83%,29.01,29.25
LB,2025-11-17,loser,long,-12.66,-16.98%,+1.51%,61.09,62.01,+4.83%,61.66,64.64,-9.92%,66.32,59.74,-1.44%,58.25,57.41,-2.90%,58.37,56.68,-0.27%,56.25,56.10,+3.18%,55.06,56.81,-1.45%,57.79,56.95,-0.41%,56.00,55.77,-2.51%,56.61,55.19,+9.50%,55.25,60.50
LB,2025-11-17,loser,short,-12.66,-16.98%,-1.51%,61.09,62.01,-4.83%,61.66,64.64,+9.92%,66.32,59.74,+1.44%,58.25,57.41,+2.90%,58.37,56.68,+0.27%,56.25,56.10,-3.18%,55.06,56.81,+1.45%,57.79,56.95,+0.41%,56.00,55.77,+2.51%,56.61,55.19,-9.50%,55.25,60.50
FLY,2025-11-17,loser,long,-3.47,-15.12%,+4.00%,19.00,19.76,-1.57%,19.73,19.42,-13.72%,19.61,16.92,-1.44%,17.02,16.78,+0.66%,16.75,16.86,+2.18%,16.97,17.34,-1.08%,17.62,17.43,+0.28%,17.66,17.71,-2.21%,17.19,16.81,+5.67%,16.94,17.90,+3.92%,17.85,18.55
FLY,2025-11-17,loser,short,-3.47,-15.12%,-4.00%,19.00,19.76,+1.57%,19.73,19.42,+13.72%,19.61,16.92,+1.44%,17.02,16.78,-0.66%,16.75,16.86,-2.18%,16.97,17.34,+1.08%,17.62,17.43,-0.28%,17.66,17.71,+2.21%,17.19,16.81,-5.67%,16.94,17.90,-3.92%,17.85,18.55
STUB,2025-11-17,loser,long,-2.05,-13.79%,-6.15%,12.85,12.06,-9.17%,12.00,10.90,-6.70%,11.05,10.31,+5.15%,10.30,10.83,+11.20%,10.80,12.01,+6.44%,11.96,12.73,-6.91%,12.74,11.86,-1.01%,11.85,11.73,-4.07%,11.55,11.08,+0.81%,11.07,11.16,-3.32%,11.15,10.78
STUB,2025-11-17,loser,short,-2.05,-13.79%,+6.15%,12.85,12.06,+9.17%,12.00,10.90,+6.70%,11.05,10.31,-5.15%,10.30,10.83,-11.20%,10.80,12.01,-6.44%,11.96,12.73,+6.91%,12.74,11.86,+1.01%,11.85,11.73,+4.07%,11.55,11.08,-0.81%,11.07,11.16,+3.32%,11.15,10.78
ONDS,2025-11-17,loser,long,-0.93,-12.88%,+26.86%,6.18,7.84,+0.67%,7.45,7.50,-20.83%,7.92,6.27,+2.51%,6.57,6.74,+28.52%,6.78,8.72,-0.47%,8.48,8.44,-4.19%,8.60,8.24,-4.59%,8.28,7.90,-3.81%,7.88,7.58,+5.48%,7.65,8.07,+6.39%,8.38,8.92
ONDS,2025-11-17,loser,short,-0.93,-12.88%,-26.86%,6.18,7.84,-0.67%,7.45,7.50,+20.83%,7.92,6.27,-2.51%,6.57,6.74,-28.52%,6.78,8.72,+0.47%,8.48,8.44,+4.19%,8.60,8.24,+4.59%,8.28,7.90,+3.81%,7.88,7.58,-5.48%,7.65,8.07,-6.39%,8.38,8.92
ONDS,2025-11-18,gainer,long,+1.59,+25.34%,+0.67%,7.45,7.50,-20.83%,7.92,6.27,+2.51%,6.57,6.74,+28.52%,6.78,8.72,-0.47%,8.48,8.44,-4.19%,8.60,8.24,-4.59%,8.28,7.90,-3.81%,7.88,7.58,+5.48%,7.65,8.07,+6.39%,8.38,8.92,+6.43%,8.64,9.19
ONDS,2025-11-18,gainer,short,+1.59,+25.34%,-0.67%,7.45,7.50,+20.83%,7.92,6.27,-2.51%,6.57,6.74,-28.52%,6.78,8.72,+0.47%,8.48,8.44,+4.19%,8.60,8.24,+4.59%,8.28,7.90,+3.81%,7.88,7.58,-5.48%,7.65,8.07,-6.39%,8.38,8.92,-6.43%,8.64,9.19
DGNX,2025-11-18,gainer,long,+2.61,+19.21%,-16.76%,16.17,13.46,-12.11%,13.54,11.90,+5.85%,11.45,12.12,-6.72%,12.65,11.80,-0.61%,11.45,11.38,+4.36%,11.00,11.48,+3.96%,11.11,11.55,-4.55%,11.20,10.69,-1.22%,10.63,10.50,-1.48%,10.15,10.00,-5.18%,9.66,9.16
DGNX,2025-11-18,gainer,short,+2.61,+19.21%,+16.76%,16.17,13.46,+12.11%,13.54,11.90,-5.85%,11.45,12.12,+6.72%,12.65,11.80,+0.61%,11.45,11.38,-4.36%,11.00,11.48,-3.96%,11.11,11.55,+4.55%,11.20,10.69,+1.22%,10.63,10.50,+1.48%,10.15,10.00,+5.18%,9.66,9.16
LGN,2025-11-18,gainer,long,+4.81,+11.99%,-1.38%,45.05,44.43,-9.60%,45.31,40.96,-1.57%,41.42,40.77,+4.94%,41.73,43.79,+3.05%,43.66,44.99,+0.33%,45.61,45.76,+0.09%,45.94,45.98,-2.31%,45.88,44.82,-1.01%,44.64,44.19,+3.93%,44.22,45.96,+4.55%,46.14,48.24
LGN,2025-11-18,gainer,short,+4.81,+11.99%,+1.38%,45.05,44.43,+9.60%,45.31,40.96,+1.57%,41.42,40.77,-4.94%,41.73,43.79,-3.05%,43.66,44.99,-0.33%,45.61,45.76,-0.09%,45.94,45.98,+2.31%,45.88,44.82,+1.01%,44.64,44.19,-3.93%,44.22,45.96,-4.55%,46.14,48.24
TMC,2025-11-18,gainer,long,+0.54,+10.95%,-6.96%,5.75,5.35,-5.10%,5.49,5.21,+0.21%,5.16,5.17,+2.10%,5.23,5.34,+2.45%,5.30,5.43,+5.62%,5.52,5.83,+6.10%,6.56,6.96,-4.63%,6.59,6.28,+9.31%,6.77,7.40,+6.63%,7.24,7.72,+4.98%,7.43,7.80
TMC,2025-11-18,gainer,short,+0.54,+10.95%,+6.96%,5.75,5.35,+5.10%,5.49,5.21,-0.21%,5.16,5.17,-2.10%,5.23,5.34,-2.45%,5.30,5.43,-5.62%,5.52,5.83,-6.10%,6.56,6.96,+4.63%,6.59,6.28,-9.31%,6.77,7.40,-6.63%,7.24,7.72,-4.98%,7.43,7.80
SRRK,2025-11-18,gainer,long,+3.34,+9.14%,+0.76%,39.39,39.69,-5.21%,40.11,38.02,+5.76%,38.02,40.21,+3.41%,40.41,41.79,-1.00%,41.89,41.47,+4.25%,41.39,43.15,+1.78%,43.29,44.06,-4.13%,43.80,41.99,+2.70%,40.00,41.08,+4.82%,41.51,43.51,+5.09%,43.01,45.20
SRRK,2025-11-18,gainer,short,+3.34,+9.14%,-0.76%,39.39,39.69,+5.21%,40.11,38.02,-5.76%,38.02,40.21,-3.41%,40.41,41.79,+1.00%,41.89,41.47,-4.25%,41.39,43.15,-1.78%,43.29,44.06,+4.13%,43.80,41.99,-2.70%,40.00,41.08,-4.82%,41.51,43.51,-5.09%,43.01,45.20
NICE,2025-11-18,loser,long,-15.21,-12.58%,-3.16%,104.95,101.63,-2.60%,102.26,99.60,+4.40%,100.68,105.11,-1.61%,107.12,105.40,-0.88%,104.40,103.48,+1.67%,103.50,105.23,+1.11%,104.91,106.07,+2.03%,104.19,106.31,+0.98%,106.96,108.01,-0.64%,106.90,106.22,+1.37%,106.21,107.67
NICE,2025-11-18,loser,short,-15.21,-12.58%,+3.16%,104.95,101.63,+2.60%,102.26,99.60,-4.40%,100.68,105.11,+1.61%,107.12,105.40,+0.88%,104.40,103.48,-1.67%,103.50,105.23,-1.11%,104.91,106.07,-2.03%,104.19,106.31,-0.98%,106.96,108.01,+0.64%,106.90,106.22,-1.37%,106.21,107.67
KLAR,2025-11-18,loser,long,-3.25,-9.32%,-4.01%,31.70,30.43,-8.62%,30.76,28.11,+3.60%,28.06,29.07,+0.03%,29.28,29.29,+3.42%,29.28,30.28,+0.75%,30.74,30.97,+0.16%,31.42,31.47,-3.10%,31.00,30.04,+0.07%,30.00,30.02,+0.72%,30.38,30.60,+6.04%,30.65,32.50
KLAR,2025-11-18,loser,short,-3.25,-9.32%,+4.01%,31.70,30.43,+8.62%,30.76,28.11,-3.60%,28.06,29.07,-0.03%,29.28,29.29,-3.42%,29.28,30.28,-0.75%,30.74,30.97,-0.16%,31.42,31.47,+3.10%,31.00,30.04,-0.07%,30.00,30.02,-0.72%,30.38,30.60,-6.04%,30.65,32.50
PACS,2025-11-18,loser,long,-1.27,-8.09%,+17.12%,14.37,16.83,+1.75%,25.69,26.14,+7.67%,25.54,27.50,+8.51%,27.61,29.96,+6.97%,29.71,31.78,+0.82%,31.90,32.16,+2.83%,32.49,33.41,+0.33%,33.41,33.52,-5.95%,33.46,31.47,-0.60%,31.53,31.34,+0.38%,31.37,31.49
PACS,2025-11-18,loser,short,-1.27,-8.09%,-17.12%,14.37,16.83,-1.75%,25.69,26.14,-7.67%,25.54,27.50,-8.51%,27.61,29.96,-6.97%,29.71,31.78,-0.82%,31.90,32.16,-2.83%,32.49,33.41,-0.33%,33.41,33.52,+5.95%,33.46,31.47,+0.60%,31.53,31.34,-0.38%,31.37,31.49
SNDK,2025-11-18,loser,long,-20.95,-7.88%,-2.05%,251.11,245.96,-22.28%,252.14,195.96,-2.48%,205.37,200.27,+10.07%,206.20,226.96,-3.44%,228.36,220.50,-4.85%,226.00,215.04,-0.94%,225.40,223.28,-0.96%,212.21,210.17,-2.73%,211.11,205.35,-1.18%,196.70,194.38,+10.91%,192.32,213.31
SNDK,2025-11-18,loser,short,-20.95,-7.88%,+2.05%,251.11,245.96,+22.28%,252.14,195.96,+2.48%,205.37,200.27,-10.07%,206.20,226.96,+3.44%,228.36,220.50,+4.85%,226.00,215.04,+0.94%,225.40,223.28,+0.96%,212.21,210.17,+2.73%,211.11,205.35,+1.18%,196.70,194.38,-10.91%,192.32,213.31
GPCR,2025-11-18,loser,long,-2.94,-7.85%,+4.76%,34.85,36.51,-5.92%,36.50,34.34,-0.06%,34.34,34.32,+3.64%,34.06,35.30,-3.50%,35.41,34.17,-0.96%,34.55,34.22,+3.80%,34.50,35.81,-1.96%,35.26,34.57,-5.81%,34.10,32.12,-1.89%,32.23,31.62,+3.92%,31.61,32.85
GPCR,2025-11-18,loser,short,-2.94,-7.85%,-4.76%,34.85,36.51,+5.92%,36.50,34.34,+0.06%,34.34,34.32,-3.64%,34.06,35.30,+3.50%,35.41,34.17,+0.96%,34.55,34.22,-3.80%,34.50,35.81,+1.96%,35.26,34.57,+5.81%,34.10,32.12,+1.89%,32.23,31.62,-3.92%,31.61,32.85
NUVB,2025-11-19,gainer,long,+2.35,+48.96%,-2.57%,7.20,7.01,+0.72%,6.94,6.99,+4.66%,7.08,7.41,+5.49%,7.47,7.88,+1.78%,7.87,8.01,-1.11%,8.12,8.03,-0.63%,7.93,7.88,-5.20%,7.88,7.47,+8.70%,7.70,8.37,+0.12%,8.30,8.31,+2.64%,8.33,8.55
NUVB,2025-11-19,gainer,short,+2.35,+48.96%,+2.57%,7.20,7.01,-0.72%,6.94,6.99,-4.66%,7.08,7.41,-5.49%,7.47,7.88,-1.78%,7.87,8.01,+1.11%,8.12,8.03,+0.63%,7.93,7.88,+5.20%,7.88,7.47,-8.70%,7.70,8.37,-0.12%,8.30,8.31,-2.64%,8.33,8.55
EXAS,2025-11-19,gainer,long,+16.50,+23.68%,-1.00%,101.69,100.67,-0.01%,100.91,100.90,+0.09%,100.92,101.01,+0.15%,100.98,101.13,+0.33%,101.12,101.45,-0.16%,101.45,101.29,-0.15%,101.35,101.20,-0.05%,101.25,101.20,+0.03%,101.22,101.25,-0.12%,101.25,101.13,-0.07%,101.13,101.06
EXAS,2025-11-19,gainer,short,+16.50,+23.68%,+1.00%,101.69,100.67,+0.01%,100.91,100.90,-0.09%,100.92,101.01,-0.15%,100.98,101.13,-0.33%,101.12,101.45,+0.16%,101.45,101.29,+0.15%,101.35,101.20,+0.05%,101.25,101.20,-0.03%,101.22,101.25,+0.12%,101.25,101.13,+0.07%,101.13,101.06
AMTM,2025-11-19,gainer,long,+3.73,+17.12%,-4.58%,25.55,24.38,-0.49%,24.38,24.26,+2.92%,24.65,25.37,+5.82%,28.35,30.00,-4.06%,30.57,29.33,-2.15%,29.26,28.63,-1.19%,28.55,28.21,-0.42%,28.84,28.72,-0.80%,28.79,28.56,+1.32%,28.87,29.25,+0.03%,28.87,28.88
AMTM,2025-11-19,gainer,short,+3.73,+17.12%,+4.58%,25.55,24.38,+0.49%,24.38,24.26,-2.92%,24.65,25.37,-5.82%,28.35,30.00,+4.06%,30.57,29.33,+2.15%,29.26,28.63,+1.19%,28.55,28.21,+0.42%,28.84,28.72,+0.80%,28.79,28.56,-1.32%,28.87,29.25,-0.03%,28.87,28.88
PACS,2025-11-19,gainer,long,+2.40,+16.63%,+1.75%,25.69,26.14,+7.67%,25.54,27.50,+8.51%,27.61,29.96,+6.97%,29.71,31.78,+0.82%,31.90,32.16,+2.83%,32.49,33.41,+0.33%,33.41,33.52,-5.95%,33.46,31.47,-0.60%,31.53,31.34,+0.38%,31.37,31.49,-1.76%,31.31,30.76
PACS,2025-11-19,gainer,short,+2.40,+16.63%,-1.75%,25.69,26.14,-7.67%,25.54,27.50,-8.51%,27.61,29.96,-6.97%,29.71,31.78,-0.82%,31.90,32.16,-2.83%,32.49,33.41,-0.33%,33.41,33.52,+5.95%,33.46,31.47,+0.60%,31.53,31.34,-0.38%,31.37,31.49,+1.76%,31.31,30.76
TMDX,2025-11-19,gainer,long,+16.40,+14.01%,-8.14%,134.79,123.82,+6.11%,123.39,130.93,+5.31%,133.14,140.21,+2.16%,142.91,146.00,-0.78%,146.90,145.75,-0.81%,147.50,146.31,+4.34%,144.16,150.42,-8.05%,154.19,141.77,-1.18%,141.77,140.10,-0.71%,139.62,138.63,-2.28%,139.70,136.51
TMDX,2025-11-19,gainer,short,+16.40,+14.01%,+8.14%,134.79,123.82,-6.11%,123.39,130.93,-5.31%,133.14,140.21,-2.16%,142.91,146.00,+0.78%,146.90,145.75,+0.81%,147.50,146.31,-4.34%,144.16,150.42,+8.05%,154.19,141.77,+1.18%,141.77,140.10,+0.71%,139.62,138.63,+2.28%,139.70,136.51
WIX,2025-11-19,loser,long,-25.22,-19.87%,-3.41%,102.98,99.47,-4.49%,100.00,95.51,-3.09%,96.29,93.31,+0.89%,93.65,94.48,+0.18%,95.60,95.77,-0.68%,96.37,95.71,+0.95%,94.29,95.19,+0.35%,95.53,95.86,+7.32%,95.75,102.76,-0.28%,102.93,102.64,-2.79%,103.10,100.22
WIX,2025-11-19,loser,short,-25.22,-19.87%,+3.41%,102.98,99.47,+4.49%,100.00,95.51,+3.09%,96.29,93.31,-0.89%,93.65,94.48,-0.18%,95.60,95.77,+0.68%,96.37,95.71,-0.95%,94.29,95.19,-0.35%,95.53,95.86,-7.32%,95.75,102.76,+0.28%,102.93,102.64,+2.79%,103.10,100.22
DGNX,2025-11-19,loser,long,-2.74,-16.91%,-12.11%,13.54,11.90,+5.85%,11.45,12.12,-6.72%,12.65,11.80,-0.61%,11.45,11.38,+4.36%,11.00,11.48,+3.96%,11.11,11.55,-4.55%,11.20,10.69,-1.22%,10.63,10.50,-1.48%,10.15,10.00,-5.18%,9.66,9.16,-3.33%,9.00,8.70
DGNX,2025-11-19,loser,short,-2.74,-16.91%,+12.11%,13.54,11.90,-5.85%,11.45,12.12,+6.72%,12.65,11.80,+0.61%,11.45,11.38,-4.36%,11.00,11.48,-3.96%,11.11,11.55,+4.55%,11.20,10.69,+1.22%,10.63,10.50,+1.48%,10.15,10.00,+5.18%,9.66,9.16,+3.33%,9.00,8.70
QFIN,2025-11-19,loser,long,-3.19,-14.23%,-4.57%,19.04,18.17,-0.39%,18.17,18.10,-0.71%,18.29,18.16,+2.20%,19.06,19.48,+1.28%,19.48,19.73,-1.76%,19.88,19.53,+1.49%,19.45,19.74,-0.76%,19.74,19.59,-2.27%,19.42,18.98,-1.68%,19.06,18.74,+1.66%,19.25,19.57
QFIN,2025-11-19,loser,short,-3.19,-14.23%,+4.57%,19.04,18.17,+0.39%,18.17,18.10,+0.71%,18.29,18.16,-2.20%,19.06,19.48,-1.28%,19.48,19.73,+1.76%,19.88,19.53,-1.49%,19.45,19.74,+0.76%,19.74,19.59,+2.27%,19.42,18.98,+1.68%,19.06,18.74,-1.66%,19.25,19.57
ES,2025-11-19,loser,long,-9.28,-12.45%,-2.77%,65.36,63.55,+0.86%,64.00,64.55,+0.27%,65.50,65.68,+0.08%,65.89,65.94,+0.80%,66.17,66.70,+1.01%,66.51,67.18,-0.30%,66.75,66.55,-0.87%,66.89,66.31,-0.81%,66.51,65.97,+1.96%,65.77,67.06,-0.48%,67.06,66.74
ES,2025-11-19,loser,short,-9.28,-12.45%,+2.77%,65.36,63.55,-0.86%,64.00,64.55,-0.27%,65.50,65.68,-0.08%,65.89,65.94,-0.80%,66.17,66.70,-1.01%,66.51,67.18,+0.30%,66.75,66.55,+0.87%,66.89,66.31,+0.81%,66.51,65.97,-1.96%,65.77,67.06,+0.48%,67.06,66.74
POWL,2025-11-19,loser,long,-36.10,-11.23%,-0.36%,295.41,294.35,-3.70%,292.90,282.05,+5.29%,285.00,300.08,+2.72%,304.28,312.55,+2.81%,313.00,321.79,-0.93%,326.27,323.22,+2.37%,312.20,319.59,-0.01%,322.52,322.50,+0.64%,321.43,323.48,+4.16%,323.48,336.93,+1.57%,336.83,342.13
POWL,2025-11-19,loser,short,-36.10,-11.23%,+0.36%,295.41,294.35,+3.70%,292.90,282.05,-5.29%,285.00,300.08,-2.72%,304.28,312.55,-2.81%,313.00,321.79,+0.93%,326.27,323.22,-2.37%,312.20,319.59,+0.01%,322.52,322.50,-0.64%,321.43,323.48,-4.16%,323.48,336.93,-1.57%,336.83,342.13
PACS,2025-11-20,gainer,long,+9.31,+55.32%,+7.67%,25.54,27.50,+8.51%,27.61,29.96,+6.97%,29.71,31.78,+0.82%,31.90,32.16,+2.83%,32.49,33.41,+0.33%,33.41,33.52,-5.95%,33.46,31.47,-0.60%,31.53,31.34,+0.38%,31.37,31.49,-1.76%,31.31,30.76,-2.10%,31.41,30.75
PACS,2025-11-20,gainer,short,+9.31,+55.32%,-7.67%,25.54,27.50,-8.51%,27.61,29.96,-6.97%,29.71,31.78,-0.82%,31.90,32.16,-2.83%,32.49,33.41,-0.33%,33.41,33.52,+5.95%,33.46,31.47,+0.60%,31.53,31.34,-0.38%,31.37,31.49,+1.76%,31.31,30.76,+2.10%,31.41,30.75
EXAS,2025-11-20,gainer,long,+14.49,+16.81%,-0.01%,100.91,100.90,+0.09%,100.92,101.01,+0.15%,100.98,101.13,+0.33%,101.12,101.45,-0.16%,101.45,101.29,-0.15%,101.35,101.20,-0.05%,101.25,101.20,+0.03%,101.22,101.25,-0.12%,101.25,101.13,-0.07%,101.13,101.06,-0.29%,101.25,100.96
EXAS,2025-11-20,gainer,short,+14.49,+16.81%,+0.01%,100.91,100.90,-0.09%,100.92,101.01,-0.15%,100.98,101.13,-0.33%,101.12,101.45,+0.16%,101.45,101.29,+0.15%,101.35,101.20,+0.05%,101.25,101.20,-0.03%,101.22,101.25,+0.12%,101.25,101.13,+0.07%,101.13,101.06,+0.29%,101.25,100.96
MENS,2025-11-20,gainer,long,+3.63,+12.44%,-6.28%,32.80,30.74,+14.90%,30.81,35.40,-15.62%,35.98,30.36,-9.06%,33.00,30.01,-9.93%,30.20,27.20,+10.55%,26.91,29.75,-2.27%,30.00,29.32,+0.83%,29.01,29.25,+1.35%,28.80,29.19,+8.15%,27.00,29.20,+1.08%,28.70,29.01
MENS,2025-11-20,gainer,short,+3.63,+12.44%,+6.28%,32.80,30.74,-14.90%,30.81,35.40,+15.62%,35.98,30.36,+9.06%,33.00,30.01,+9.93%,30.20,27.20,-10.55%,26.91,29.75,+2.27%,30.00,29.32,-0.83%,29.01,29.25,-1.35%,28.80,29.19,-8.15%,27.00,29.20,-1.08%,28.70,29.01
KLIC,2025-11-20,gainer,long,+3.74,+10.60%,+3.86%,39.36,40.88,+0.29%,41.43,41.55,+2.99%,42.29,43.56,+3.33%,43.51,44.96,+0.00%,45.11,45.11,-0.16%,44.85,44.78,+0.42%,44.94,45.13,+4.17%,45.12,47.00,+2.17%,46.56,47.57,+1.15%,47.94,48.49,-1.42%,49.23,48.53
KLIC,2025-11-20,gainer,short,+3.74,+10.60%,-3.86%,39.36,40.88,-0.29%,41.43,41.55,-2.99%,42.29,43.56,-3.33%,43.51,44.96,-0.00%,45.11,45.11,+0.16%,44.85,44.78,-0.42%,44.94,45.13,-4.17%,45.12,47.00,-2.17%,46.56,47.57,-1.15%,47.94,48.49,+1.42%,49.23,48.53
ABVX,2025-11-20,gainer,long,+9.95,+8.81%,-0.74%,120.01,119.12,+3.20%,121.81,125.71,+2.58%,125.00,128.23,-2.48%,128.87,125.68,-1.43%,126.64,124.83,-4.26%,125.25,119.92,-5.08%,120.98,114.83,-1.79%,112.95,110.93,-1.65%,112.50,110.64,+4.34%,109.75,114.51,-1.73%,117.07,115.05
ABVX,2025-11-20,gainer,short,+9.95,+8.81%,+0.74%,120.01,119.12,-3.20%,121.81,125.71,-2.58%,125.00,128.23,+2.48%,128.87,125.68,+1.43%,126.64,124.83,+4.26%,125.25,119.92,+5.08%,120.98,114.83,+1.79%,112.95,110.93,+1.65%,112.50,110.64,-4.34%,109.75,114.51,+1.73%,117.07,115.05
BBWI,2025-11-20,loser,long,-5.22,-24.81%,-2.94%,15.30,14.85,+3.63%,15.02,15.56,+6.59%,15.85,16.90,+2.00%,17.03,17.37,-0.17%,17.44,17.41,+9.21%,17.38,18.98,-1.54%,18.89,18.60,+1.71%,18.69,19.01,-0.63%,19.13,19.01,-1.62%,19.14,18.83,+4.41%,18.82,19.65
BBWI,2025-11-20,loser,short,-5.22,-24.81%,+2.94%,15.30,14.85,-3.63%,15.02,15.56,-6.59%,15.85,16.90,-2.00%,17.03,17.37,+0.17%,17.44,17.41,-9.21%,17.38,18.98,+1.54%,18.89,18.60,-1.71%,18.69,19.01,+0.63%,19.13,19.01,+1.62%,19.14,18.83,-4.41%,18.82,19.65
SNDK,2025-11-20,loser,long,-50.05,-20.35%,-2.48%,205.37,200.27,+10.07%,206.20,226.96,-3.44%,228.36,220.50,-4.85%,226.00,215.04,-0.94%,225.40,223.28,-0.96%,212.21,210.17,-2.73%,211.11,205.35,-1.18%,196.70,194.38,+10.91%,192.32,213.31,+7.71%,212.11,228.47,-4.32%,235.66,225.47
SNDK,2025-11-20,loser,short,-50.05,-20.35%,+2.48%,205.37,200.27,-10.07%,206.20,226.96,+3.44%,228.36,220.50,+4.85%,226.00,215.04,+0.94%,225.40,223.28,+0.96%,212.21,210.17,+2.73%,211.11,205.35,+1.18%,196.70,194.38,-10.91%,192.32,213.31,-7.71%,212.11,228.47,+4.32%,235.66,225.47
ONDS,2025-11-20,loser,long,-1.23,-16.40%,+2.51%,6.57,6.74,+28.52%,6.78,8.72,-0.47%,8.48,8.44,-4.19%,8.60,8.24,-4.59%,8.28,7.90,-3.81%,7.88,7.58,+5.48%,7.65,8.07,+6.39%,8.38,8.92,+6.43%,8.64,9.19,+1.57%,8.93,9.07,-2.96%,9.30,9.02
ONDS,2025-11-20,loser,short,-1.23,-16.40%,-2.51%,6.57,6.74,-28.52%,6.78,8.72,+0.47%,8.48,8.44,+4.19%,8.60,8.24,+4.59%,8.28,7.90,+3.81%,7.88,7.58,-5.48%,7.65,8.07,-6.39%,8.38,8.92,-6.43%,8.64,9.19,-1.57%,8.93,9.07,+2.96%,9.30,9.02
UUUU,2025-11-20,loser,long,-2.28,-14.72%,-0.35%,12.82,12.78,+7.46%,13.00,13.97,+4.32%,13.90,14.50,-2.64%,14.75,14.36,-1.17%,14.57,14.40,-0.92%,14.20,14.07,+5.99%,14.20,15.05,-1.63%,15.35,15.10,+8.22%,15.08,16.32,-5.96%,16.60,15.61,-1.21%,15.68,15.49
UUUU,2025-11-20,loser,short,-2.28,-14.72%,+0.35%,12.82,12.78,-7.46%,13.00,13.97,-4.32%,13.90,14.50,+2.64%,14.75,14.36,+1.17%,14.57,14.40,+0.92%,14.20,14.07,-5.99%,14.20,15.05,+1.63%,15.35,15.10,-8.22%,15.08,16.32,+5.96%,16.60,15.61,+1.21%,15.68,15.49
IONQ,2025-11-20,loser,long,-6.92,-14.46%,-2.00%,42.56,41.71,+9.38%,42.75,46.76,+1.05%,46.57,47.06,-1.05%,47.40,46.90,+3.35%,47.70,49.30,-3.13%,48.64,47.12,-1.35%,47.57,46.93,+3.69%,46.92,48.65,+12.51%,48.67,54.76,-2.43%,54.00,52.69,+0.69%,53.99,54.36
IONQ,2025-11-20,loser,short,-6.92,-14.46%,+2.00%,42.56,41.71,-9.38%,42.75,46.76,-1.05%,46.57,47.06,+1.05%,47.40,46.90,-3.35%,47.70,49.30,+3.13%,48.64,47.12,+1.35%,47.57,46.93,-3.69%,46.92,48.65,-12.51%,48.67,54.76,+2.43%,54.00,52.69,-0.69%,53.99,54.36
BLLN,2025-11-21,gainer,long,+14.32,+14.97%,+6.84%,112.24,119.92,+8.53%,119.69,129.90,-2.40%,131.00,127.85,+0.53%,129.50,130.18,-11.69%,128.00,113.04,+2.68%,111.92,114.92,-10.85%,115.26,102.76,-0.93%,105.00,104.02,+6.31%,105.01,111.64,-7.08%,112.63,104.66,+4.11%,105.21,109.53
BLLN,2025-11-21,gainer,short,+14.32,+14.97%,-6.84%,112.24,119.92,-8.53%,119.69,129.90,+2.40%,131.00,127.85,-0.53%,129.50,130.18,+11.69%,128.00,113.04,-2.68%,111.92,114.92,+10.85%,115.26,102.76,+0.93%,105.00,104.02,-6.31%,105.01,111.64,+7.08%,112.63,104.66,-4.11%,105.21,109.53
ADPT,2025-11-21,gainer,long,+2.29,+14.03%,+7.97%,18.95,20.46,-0.20%,20.36,20.32,-2.52%,20.23,19.72,-0.30%,19.72,19.66,-2.18%,19.26,18.84,-0.80%,18.84,18.69,-9.22%,18.87,17.13,+3.56%,16.86,17.46,-8.93%,16.20,14.75,+1.63%,14.71,14.95,+0.07%,14.85,14.86
ADPT,2025-11-21,gainer,short,+2.29,+14.03%,-7.97%,18.95,20.46,+0.20%,20.36,20.32,+2.52%,20.23,19.72,+0.30%,19.72,19.66,+2.18%,19.26,18.84,+0.80%,18.84,18.69,+9.22%,18.87,17.13,-3.56%,16.86,17.46,+8.93%,16.20,14.75,-1.63%,14.71,14.95,-0.07%,14.85,14.86
KYIV,2025-11-21,gainer,long,+1.41,+12.24%,-2.78%,14.02,13.63,+0.28%,14.47,14.51,+1.85%,14.04,14.30,-0.91%,14.30,14.17,-2.51%,13.96,13.61,+1.05%,13.84,13.98,+1.63%,13.48,13.70,+1.70%,13.49,13.72,+1.31%,13.72,13.90,+2.77%,13.70,14.08,+2.22%,13.97,14.28
KYIV,2025-11-21,gainer,short,+1.41,+12.24%,+2.78%,14.02,13.63,-0.28%,14.47,14.51,-1.85%,14.04,14.30,+0.91%,14.30,14.17,+2.51%,13.96,13.61,-1.05%,13.84,13.98,-1.63%,13.48,13.70,-1.70%,13.49,13.72,-1.31%,13.72,13.90,-2.77%,13.70,14.08,-2.22%,13.97,14.28
CAVA,2025-11-21,gainer,long,+5.33,+12.23%,-3.51%,48.50,46.80,+3.72%,46.81,48.55,+1.33%,49.00,49.65,-2.32%,50.05,48.89,+4.40%,48.86,51.01,+2.19%,51.60,52.73,+3.03%,52.88,54.49,-1.57%,55.35,54.48,-1.77%,54.33,53.37,+0.58%,53.54,53.85,-0.84%,53.35,52.90
CAVA,2025-11-21,gainer,short,+5.33,+12.23%,+3.51%,48.50,46.80,-3.72%,46.81,48.55,-1.33%,49.00,49.65,+2.32%,50.05,48.89,-4.40%,48.86,51.01,-2.19%,51.60,52.73,-3.03%,52.88,54.49,+1.57%,55.35,54.48,+1.77%,54.33,53.37,-0.58%,53.54,53.85,+0.84%,53.35,52.90
HTFL,2025-11-21,gainer,long,+3.18,+11.49%,-1.31%,31.26,30.85,+7.57%,30.20,32.49,-4.00%,32.74,31.43,+0.81%,31.99,32.25,-5.81%,32.01,30.15,-1.66%,30.12,29.62,-6.01%,29.79,28.00,+2.93%,28.11,28.93,-5.04%,28.99,27.53,+0.07%,27.93,27.95,-2.93%,27.68,26.87
HTFL,2025-11-21,gainer,short,+3.18,+11.49%,+1.31%,31.26,30.85,-7.57%,30.20,32.49,+4.00%,32.74,31.43,-0.81%,31.99,32.25,+5.81%,32.01,30.15,+1.66%,30.12,29.62,+6.01%,29.79,28.00,-2.93%,28.11,28.93,+5.04%,28.99,27.53,-0.07%,27.93,27.95,+2.93%,27.68,26.87
ESTC,2025-11-21,loser,long,-12.04,-14.67%,-2.04%,70.51,69.07,+0.39%,69.26,69.53,+1.01%,69.24,69.94,+0.80%,69.97,70.53,+2.44%,69.40,71.09,+0.36%,72.00,72.26,+2.07%,73.50,75.02,-1.69%,75.00,73.73,+0.86%,74.03,74.67,+1.27%,74.60,75.55,-0.19%,74.83,74.69
ESTC,2025-11-21,loser,short,-12.04,-14.67%,+2.04%,70.51,69.07,-0.39%,69.26,69.53,-1.01%,69.24,69.94,-0.80%,69.97,70.53,-2.44%,69.40,71.09,-0.36%,72.00,72.26,-2.07%,73.50,75.02,+1.69%,75.00,73.73,-0.86%,74.03,74.67,-1.27%,74.60,75.55,+0.19%,74.83,74.69
VEEV,2025-11-21,loser,long,-26.44,-9.77%,-3.74%,244.90,235.74,+1.33%,236.81,239.95,+0.59%,239.26,240.67,-0.71%,242.00,240.29,+1.32%,237.27,240.41,-0.75%,241.95,240.14,+0.87%,239.25,241.33,+0.53%,241.00,242.28,+0.00%,242.00,242.00,-0.13%,239.35,239.05,-2.18%,237.18,232.00
VEEV,2025-11-21,loser,short,-26.44,-9.77%,+3.74%,244.90,235.74,-1.33%,236.81,239.95,-0.59%,239.26,240.67,+0.71%,242.00,240.29,-1.32%,237.27,240.41,+0.75%,241.95,240.14,-0.87%,239.25,241.33,-0.53%,241.00,242.28,-0.00%,242.00,242.00,+0.13%,239.35,239.05,+2.18%,237.18,232.00
POST,2025-11-21,loser,long,-7.66,-7.15%,-1.80%,98.81,97.03,+4.32%,96.84,101.02,+0.78%,102.02,102.82,-0.90%,104.98,104.03,-2.82%,102.85,99.95,-1.33%,99.87,98.54,+0.90%,98.83,99.72,-2.16%,100.02,97.86,-1.66%,97.62,96.00,+1.89%,95.37,97.17,-0.47%,97.43,96.97
POST,2025-11-21,loser,short,-7.66,-7.15%,+1.80%,98.81,97.03,-4.32%,96.84,101.02,-0.78%,102.02,102.82,+0.90%,104.98,104.03,+2.82%,102.85,99.95,+1.33%,99.87,98.54,-0.90%,98.83,99.72,+2.16%,100.02,97.86,+1.66%,97.62,96.00,-1.89%,95.37,97.17,+0.47%,97.43,96.97
FRMI,2025-11-21,loser,long,-1.07,-6.94%,+3.62%,13.95,14.46,-3.32%,14.59,14.10,+12.29%,14.08,15.81,+2.30%,16.12,16.49,+1.67%,16.18,16.45,-7.25%,16.42,15.23,-3.68%,15.22,14.66,+8.82%,14.62,15.91,-3.93%,15.78,15.16,+3.50%,15.15,15.68,+4.26%,15.50,16.16
FRMI,2025-11-21,loser,short,-1.07,-6.94%,-3.62%,13.95,14.46,+3.32%,14.59,14.10,-12.29%,14.08,15.81,-2.30%,16.12,16.49,-1.67%,16.18,16.45,+7.25%,16.42,15.23,+3.68%,15.22,14.66,-8.82%,14.62,15.91,+3.93%,15.78,15.16,-3.50%,15.15,15.68,-4.26%,15.50,16.16
MENS,2025-11-21,loser,long,-2.06,-6.28%,+14.90%,30.81,35.40,-15.62%,35.98,30.36,-9.06%,33.00,30.01,-9.93%,30.20,27.20,+10.55%,26.91,29.75,-2.27%,30.00,29.32,+0.83%,29.01,29.25,+1.35%,28.80,29.19,+8.15%,27.00,29.20,+1.08%,28.70,29.01,+0.25%,28.43,28.50
MENS,2025-11-21,loser,short,-2.06,-6.28%,-14.90%,30.81,35.40,+15.62%,35.98,30.36,+9.06%,33.00,30.01,+9.93%,30.20,27.20,-10.55%,26.91,29.75,+2.27%,30.00,29.32,-0.83%,29.01,29.25,-1.35%,28.80,29.19,-8.15%,27.00,29.20,-1.08%,28.70,29.01,-0.25%,28.43,28.50
INSP,2025-11-24,gainer,long,+27.42,+30.51%,+8.23%,120.48,130.39,-2.51%,130.61,127.33,-2.41%,127.48,124.41,+1.46%,124.52,126.34,+7.08%,125.08,133.93,+0.70%,133.81,134.75,+1.42%,138.07,140.03,-2.47%,140.28,136.81,+2.35%,140.69,143.99,-1.86%,143.20,140.53,-0.79%,141.18,140.07
INSP,2025-11-24,gainer,short,+27.42,+30.51%,-8.23%,120.48,130.39,+2.51%,130.61,127.33,+2.41%,127.48,124.41,-1.46%,124.52,126.34,-7.08%,125.08,133.93,-0.70%,133.81,134.75,-1.42%,138.07,140.03,+2.47%,140.28,136.81,-2.35%,140.69,143.99,+1.86%,143.20,140.53,+0.79%,141.18,140.07
ONDS,2025-11-24,gainer,long,+1.97,+29.32%,-0.47%,8.48,8.44,-4.19%,8.60,8.24,-4.59%,8.28,7.90,-3.81%,7.88,7.58,+5.48%,7.65,8.07,+6.39%,8.38,8.92,+6.43%,8.64,9.19,+1.57%,8.93,9.07,-2.96%,9.30,9.02,+3.82%,8.89,9.23,-8.31%,9.08,8.32
ONDS,2025-11-24,gainer,short,+1.97,+29.32%,+0.47%,8.48,8.44,+4.19%,8.60,8.24,+4.59%,8.28,7.90,+3.81%,7.88,7.58,-5.48%,7.65,8.07,-6.39%,8.38,8.92,-6.43%,8.64,9.19,-1.57%,8.93,9.07,+2.96%,9.30,9.02,-3.82%,8.89,9.23,+8.31%,9.08,8.32
OSCR,2025-11-24,gainer,long,+3.01,+22.33%,+2.39%,16.34,16.73,+3.24%,17.59,18.16,-1.26%,18.20,17.97,-3.76%,17.30,16.65,+0.48%,16.77,16.85,+2.03%,16.76,17.10,+1.06%,17.00,17.18,-3.01%,17.29,16.77,-1.70%,17.02,16.73,+2.23%,16.59,16.96,-6.93%,16.75,15.59
OSCR,2025-11-24,gainer,short,+3.01,+22.33%,-2.39%,16.34,16.73,-3.24%,17.59,18.16,+1.26%,18.20,17.97,+3.76%,17.30,16.65,-0.48%,16.77,16.85,-2.03%,16.76,17.10,-1.06%,17.00,17.18,+3.01%,17.29,16.77,+1.70%,17.02,16.73,-2.23%,16.59,16.96,+6.93%,16.75,15.59
BMNR,2025-11-24,gainer,long,+5.07,+19.48%,-3.28%,29.89,28.91,+4.68%,30.32,31.74,-2.01%,33.80,33.12,-5.15%,30.51,28.94,+4.04%,30.67,31.91,+1.42%,33.19,33.66,+8.78%,33.39,36.32,-3.10%,35.15,34.06,+1.39%,35.35,35.84,+12.03%,35.00,39.21,+3.78%,38.93,40.40
BMNR,2025-11-24,gainer,short,+5.07,+19.48%,+3.28%,29.89,28.91,-4.68%,30.32,31.74,+2.01%,33.80,33.12,+5.15%,30.51,28.94,-4.04%,30.67,31.91,-1.42%,33.19,33.66,-8.78%,33.39,36.32,+3.10%,35.15,34.06,-1.39%,35.35,35.84,-12.03%,35.00,39.21,-3.78%,38.93,40.40
GRAL,2025-11-24,gainer,long,+17.85,+19.08%,-3.08%,111.11,107.69,+1.18%,108.87,110.16,-1.30%,111.84,110.39,-8.18%,107.02,98.27,-2.07%,99.44,97.38,+5.01%,96.36,101.19,+4.71%,100.00,104.71,-3.60%,104.75,100.98,-2.31%,102.16,99.80,-0.61%,98.06,97.46,-0.65%,95.55,94.93
GRAL,2025-11-24,gainer,short,+17.85,+19.08%,+3.08%,111.11,107.69,-1.18%,108.87,110.16,+1.30%,111.84,110.39,+8.18%,107.02,98.27,+2.07%,99.44,97.38,-5.01%,96.36,101.19,-4.71%,100.00,104.71,+3.60%,104.75,100.98,+2.31%,102.16,99.80,+0.61%,98.06,97.46,+0.65%,95.55,94.93
ACLX,2025-11-24,loser,long,-15.23,-16.89%,-2.76%,75.07,73.00,+0.08%,73.19,73.25,-1.02%,73.46,72.71,-2.53%,72.11,70.28,-2.18%,70.34,68.81,+5.50%,69.14,72.94,-5.19%,72.20,68.45,+2.40%,67.93,69.56,-0.56%,74.50,74.08,-3.71%,73.57,70.84,+0.15%,71.87,71.98
ACLX,2025-11-24,loser,short,-15.23,-16.89%,+2.76%,75.07,73.00,-0.08%,73.19,73.25,+1.02%,73.46,72.71,+2.53%,72.11,70.28,+2.18%,70.34,68.81,-5.50%,69.14,72.94,+5.19%,72.20,68.45,-2.40%,67.93,69.56,+0.56%,74.50,74.08,+3.71%,73.57,70.84,-0.15%,71.87,71.98
GRND,2025-11-24,loser,long,-1.68,-12.14%,+2.94%,12.25,12.61,+2.13%,12.67,12.94,-0.85%,12.94,12.83,+1.18%,12.70,12.85,+1.25%,12.84,13.00,-0.81%,13.62,13.51,+1.19%,13.47,13.63,-3.23%,13.94,13.49,-1.89%,13.77,13.51,+0.22%,13.39,13.42,+1.86%,13.45,13.70
GRND,2025-11-24,loser,short,-1.68,-12.14%,-2.94%,12.25,12.61,-2.13%,12.67,12.94,+0.85%,12.94,12.83,-1.18%,12.70,12.85,-1.25%,12.84,13.00,+0.81%,13.62,13.51,-1.19%,13.47,13.63,+3.23%,13.94,13.49,+1.89%,13.77,13.51,-0.22%,13.39,13.42,-1.86%,13.45,13.70
CCL,2025-11-24,loser,long,-1.80,-6.78%,+4.17%,24.69,25.72,-1.93%,25.93,25.43,+0.43%,25.67,25.78,+1.13%,25.64,25.93,-1.07%,26.12,25.84,+0.81%,25.83,26.04,-0.69%,26.00,25.82,-0.23%,25.93,25.87,+0.31%,25.93,26.01,-0.66%,25.68,25.51,+1.92%,25.78,26.28
CCL,2025-11-24,loser,short,-1.80,-6.78%,-4.17%,24.69,25.72,+1.93%,25.93,25.43,-0.43%,25.67,25.78,-1.13%,25.64,25.93,+1.07%,26.12,25.84,-0.81%,25.83,26.04,+0.69%,26.00,25.82,+0.23%,25.93,25.87,-0.31%,25.93,26.01,+0.66%,25.68,25.51,-1.92%,25.78,26.28
RGC,2025-11-24,loser,long,-0.80,-6.41%,-1.91%,11.50,11.28,-1.68%,11.30,11.11,+1.05%,11.41,11.53,+3.82%,11.51,11.95,+5.11%,11.74,12.34,+3.42%,12.58,13.01,+21.77%,13.14,16.00,+8.19%,15.01,16.24,+5.93%,16.03,16.98,-2.35%,17.00,16.60,-1.09%,16.54,16.36
RGC,2025-11-24,loser,short,-0.80,-6.41%,+1.91%,11.50,11.28,+1.68%,11.30,11.11,-1.05%,11.41,11.53,-3.82%,11.51,11.95,-5.11%,11.74,12.34,-3.42%,12.58,13.01,-21.77%,13.14,16.00,-8.19%,15.01,16.24,-5.93%,16.03,16.98,+2.35%,17.00,16.60,+1.09%,16.54,16.36
ANF,2025-11-24,loser,long,-4.26,-6.10%,+15.28%,78.28,90.24,+4.92%,90.68,95.14,+1.95%,96.00,97.87,+4.87%,97.17,101.90,-1.06%,101.20,100.13,-0.45%,100.06,99.61,-3.76%,99.40,95.66,-1.05%,95.88,94.87,+0.97%,95.07,95.99,+6.26%,94.07,99.96,+5.69%,101.30,107.06
ANF,2025-11-24,loser,short,-4.26,-6.10%,-15.28%,78.28,90.24,-4.92%,90.68,95.14,-1.95%,96.00,97.87,-4.87%,97.17,101.90,+1.06%,101.20,100.13,+0.45%,100.06,99.61,+3.76%,99.40,95.66,+1.05%,95.88,94.87,-0.97%,95.07,95.99,-6.26%,94.07,99.96,-5.69%,101.30,107.06
KSS,2025-11-25,gainer,long,+6.69,+42.53%,+7.97%,22.32,24.10,+1.99%,24.11,24.59,-0.66%,24.29,24.13,+1.44%,24.36,24.71,-7.00%,24.70,22.97,-0.40%,22.67,22.58,+1.68%,22.67,23.05,-1.05%,22.94,22.70,+4.51%,22.40,23.41,+2.12%,23.14,23.63,+1.06%,23.65,23.90
KSS,2025-11-25,gainer,short,+6.69,+42.53%,-7.97%,22.32,24.10,-1.99%,24.11,24.59,+0.66%,24.29,24.13,-1.44%,24.36,24.71,+7.00%,24.70,22.97,+0.40%,22.67,22.58,-1.68%,22.67,23.05,+1.05%,22.94,22.70,-4.51%,22.40,23.41,-2.12%,23.14,23.63,-1.06%,23.65,23.90
SYM,2025-11-25,gainer,long,+21.83,+39.36%,+10.51%,79.00,87.30,-0.76%,84.41,83.77,+2.62%,83.12,85.30,-15.79%,79.50,66.95,+6.42%,68.80,73.22,-2.78%,62.21,60.48,-1.09%,60.36,59.70,+0.10%,60.42,60.48,+5.19%,59.10,62.17,-1.31%,61.05,60.25,+6.82%,59.56,63.62
SYM,2025-11-25,gainer,short,+21.83,+39.36%,-10.51%,79.00,87.30,+0.76%,84.41,83.77,-2.62%,83.12,85.30,+15.79%,79.50,66.95,-6.42%,68.80,73.22,+2.78%,62.21,60.48,+1.09%,60.36,59.70,-0.10%,60.42,60.48,-5.19%,59.10,62.17,+1.31%,61.05,60.25,-6.82%,59.56,63.62
ANF,2025-11-25,gainer,long,+24.63,+37.54%,+4.92%,90.68,95.14,+1.95%,96.00,97.87,+4.87%,97.17,101.90,-1.06%,101.20,100.13,-0.45%,100.06,99.61,-3.76%,99.40,95.66,-1.05%,95.88,94.87,+0.97%,95.07,95.99,+6.26%,94.07,99.96,+5.69%,101.30,107.06,+0.85%,109.20,110.13
ANF,2025-11-25,gainer,short,+24.63,+37.54%,-4.92%,90.68,95.14,-1.95%,96.00,97.87,-4.87%,97.17,101.90,+1.06%,101.20,100.13,+0.45%,100.06,99.61,+3.76%,99.40,95.66,+1.05%,95.88,94.87,-0.97%,95.07,95.99,-6.26%,94.07,99.96,-5.69%,101.30,107.06,-0.85%,109.20,110.13
AMTM,2025-11-25,gainer,long,+4.63,+18.25%,-4.06%,30.57,29.33,-2.15%,29.26,28.63,-1.19%,28.55,28.21,-0.42%,28.84,28.72,-0.80%,28.79,28.56,+1.32%,28.87,29.25,+0.03%,28.87,28.88,+0.24%,28.75,28.82,+1.44%,28.43,28.84,+3.14%,28.70,29.60,+1.55%,29.67,30.13
AMTM,2025-11-25,gainer,short,+4.63,+18.25%,+4.06%,30.57,29.33,+2.15%,29.26,28.63,+1.19%,28.55,28.21,+0.42%,28.84,28.72,+0.80%,28.79,28.56,-1.32%,28.87,29.25,-0.03%,28.87,28.88,-0.24%,28.75,28.82,-1.44%,28.43,28.84,-3.14%,28.70,29.60,-1.55%,29.67,30.13
ZIM,2025-11-25,gainer,long,+2.34,+13.63%,+0.25%,19.65,19.70,+2.56%,19.90,20.41,-3.21%,19.94,19.30,+2.03%,19.21,19.60,+2.21%,19.44,19.87,-1.45%,20.70,20.40,-2.67%,20.58,20.03,+0.05%,20.07,20.08,-1.14%,20.10,19.87,-0.95%,20.03,19.84,-0.15%,19.86,19.83
ZIM,2025-11-25,gainer,short,+2.34,+13.63%,-0.25%,19.65,19.70,-2.56%,19.90,20.41,+3.21%,19.94,19.30,-2.03%,19.21,19.60,-2.21%,19.44,19.87,+1.45%,20.70,20.40,+2.67%,20.58,20.03,-0.05%,20.07,20.08,+1.14%,20.10,19.87,+0.95%,20.03,19.84,+0.15%,19.86,19.83
MENS,2025-11-25,loser,long,-5.04,-14.24%,-9.06%,33.00,30.01,-9.93%,30.20,27.20,+10.55%,26.91,29.75,-2.27%,30.00,29.32,+0.83%,29.01,29.25,+1.35%,28.80,29.19,+8.15%,27.00,29.20,+1.08%,28.70,29.01,+0.25%,28.43,28.50,-6.55%,28.25,26.40,+0.87%,26.41,26.64
MENS,2025-11-25,loser,short,-5.04,-14.24%,+9.06%,33.00,30.01,+9.93%,30.20,27.20,-10.55%,26.91,29.75,+2.27%,30.00,29.32,-0.83%,29.01,29.25,-1.35%,28.80,29.19,-8.15%,27.00,29.20,-1.08%,28.70,29.01,-0.25%,28.43,28.50,+6.55%,28.25,26.40,-0.87%,26.41,26.64
BURL,2025-11-25,loser,long,-34.82,-12.24%,+4.26%,250.01,260.65,-2.25%,258.04,252.23,-2.78%,249.35,242.43,+0.21%,244.53,245.05,+1.95%,244.08,248.85,+3.23%,248.83,256.87,+5.99%,256.43,271.78,-3.11%,271.51,263.07,+1.46%,262.36,266.20,+1.59%,266.00,270.23,-0.71%,271.30,269.38
BURL,2025-11-25,loser,short,-34.82,-12.24%,-4.26%,250.01,260.65,+2.25%,258.04,252.23,+2.78%,249.35,242.43,-0.21%,244.53,245.05,-1.95%,244.08,248.85,-3.23%,248.83,256.87,-5.99%,256.43,271.78,+3.11%,271.51,263.07,-1.46%,262.36,266.20,-1.59%,266.00,270.23,+0.71%,271.30,269.38
BMNR,2025-11-25,loser,long,-2.19,-7.04%,+4.68%,30.32,31.74,-2.01%,33.80,33.12,-5.15%,30.51,28.94,+4.04%,30.67,31.91,+1.42%,33.19,33.66,+8.78%,33.39,36.32,-3.10%,35.15,34.06,+1.39%,35.35,35.84,+12.03%,35.00,39.21,+3.78%,38.93,40.40,-1.08%,38.80,38.38
BMNR,2025-11-25,loser,short,-2.19,-7.04%,-4.68%,30.32,31.74,+2.01%,33.80,33.12,+5.15%,30.51,28.94,-4.04%,30.67,31.91,-1.42%,33.19,33.66,-8.78%,33.39,36.32,+3.10%,35.15,34.06,-1.39%,35.35,35.84,-12.03%,35.00,39.21,-3.78%,38.93,40.40,+1.08%,38.80,38.38
SMR,2025-11-25,loser,long,-1.21,-6.07%,-0.10%,19.06,19.04,+2.99%,19.42,20.00,-6.22%,19.28,18.08,+2.44%,18.46,18.91,+7.38%,18.75,20.14,+14.19%,20.01,22.85,-4.25%,22.34,21.39,-3.53%,22.35,21.56,+2.01%,20.90,21.32,-1.45%,20.62,20.32,+6.79%,19.87,21.22
SMR,2025-11-25,loser,short,-1.21,-6.07%,+0.10%,19.06,19.04,-2.99%,19.42,20.00,+6.22%,19.28,18.08,-2.44%,18.46,18.91,-7.38%,18.75,20.14,-14.19%,20.01,22.85,+4.25%,22.34,21.39,+3.53%,22.35,21.56,-2.01%,20.90,21.32,+1.45%,20.62,20.32,-6.79%,19.87,21.22
BLTE,2025-11-25,loser,long,-8.20,-6.03%,-0.29%,130.00,129.62,+5.72%,130.00,137.44,+0.67%,153.00,154.02,-5.98%,160.43,150.84,-1.35%,153.86,151.79,-0.48%,152.00,151.27,-0.66%,151.00,150.00,+1.29%,148.00,149.91,+0.10%,148.98,149.13,-0.90%,148.33,146.99,+0.81%,149.04,150.24
BLTE,2025-11-25,loser,short,-8.20,-6.03%,+0.29%,130.00,129.62,-5.72%,130.00,137.44,-0.67%,153.00,154.02,+5.98%,160.43,150.84,+1.35%,153.86,151.79,+0.48%,152.00,151.27,+0.66%,151.00,150.00,-1.29%,148.00,149.91,-0.10%,148.98,149.13,+0.90%,148.33,146.99,-0.81%,149.04,150.24
ARWR,2025-11-26,gainer,long,+10.92,+23.34%,-6.58%,56.41,52.70,+7.41%,52.37,56.25,+3.65%,55.91,57.95,+10.99%,58.63,65.07,+0.40%,64.40,64.66,-2.40%,62.95,61.44,+2.25%,67.09,68.60,+5.14%,65.46,68.83,+1.15%,68.09,68.87,+2.85%,68.86,70.82,-1.03%,70.82,70.09
ARWR,2025-11-26,gainer,short,+10.92,+23.34%,+6.58%,56.41,52.70,-7.41%,52.37,56.25,-3.65%,55.91,57.95,-10.99%,58.63,65.07,-0.40%,64.40,64.66,+2.40%,62.95,61.44,-2.25%,67.09,68.60,-5.14%,65.46,68.83,-1.15%,68.09,68.87,-2.85%,68.86,70.82,+1.03%,70.82,70.09
CLSK,2025-11-26,gainer,long,+1.63,+13.79%,+6.04%,14.24,15.10,-1.33%,14.27,14.08,-6.22%,14.62,13.71,+3.78%,13.96,14.49,+4.38%,14.40,15.03,-5.97%,14.59,13.72,-0.32%,13.94,13.89,+8.20%,13.73,14.85,+0.48%,14.46,14.53,+5.37%,14.06,14.82,-4.36%,14.67,14.03
CLSK,2025-11-26,gainer,short,+1.63,+13.79%,-6.04%,14.24,15.10,+1.33%,14.27,14.08,+6.22%,14.62,13.71,-3.78%,13.96,14.49,-4.38%,14.40,15.03,+5.97%,14.59,13.72,+0.32%,13.94,13.89,-8.20%,13.73,14.85,-0.48%,14.46,14.53,-5.37%,14.06,14.82,+4.36%,14.67,14.03
URBN,2025-11-26,gainer,long,+9.25,+13.54%,-4.78%,77.79,74.07,+6.23%,73.72,78.31,+0.38%,78.06,78.36,+1.06%,78.36,79.19,-3.64%,78.58,75.72,+0.19%,75.55,75.69,+0.03%,75.85,75.87,+2.75%,74.83,76.89,+2.78%,76.89,79.03,+2.47%,79.67,81.64,-0.20%,82.00,81.84
URBN,2025-11-26,gainer,short,+9.25,+13.54%,+4.78%,77.79,74.07,-6.23%,73.72,78.31,-0.38%,78.06,78.36,-1.06%,78.36,79.19,+3.64%,78.58,75.72,-0.19%,75.55,75.69,-0.03%,75.85,75.87,-2.75%,74.83,76.89,-2.78%,76.89,79.03,-2.47%,79.67,81.64,+0.20%,82.00,81.84
VERA,2025-11-26,gainer,long,+3.90,+13.25%,+1.05%,33.40,33.75,-1.11%,33.37,33.00,+12.71%,33.05,37.25,+11.39%,37.04,41.26,+3.47%,41.18,42.61,+3.15%,43.53,44.90,+0.33%,44.88,45.03,+7.43%,41.57,44.66,+2.49%,43.26,44.34,+3.96%,44.26,46.02,+8.43%,45.93,49.80
VERA,2025-11-26,gainer,short,+3.90,+13.25%,-1.05%,33.40,33.75,+1.11%,33.37,33.00,-12.71%,33.05,37.25,-11.39%,37.04,41.26,-3.47%,41.18,42.61,-3.15%,43.53,44.90,-0.33%,44.88,45.03,-7.43%,41.57,44.66,-2.49%,43.26,44.34,-3.96%,44.26,46.02,-8.43%,45.93,49.80
FLNC,2025-11-26,gainer,long,+2.22,+13.24%,+2.08%,19.24,19.64,+1.84%,19.04,19.39,+3.96%,19.20,19.96,-1.42%,20.14,19.85,+16.70%,20.00,23.34,+6.26%,22.55,23.96,+0.31%,22.79,22.86,+5.88%,22.61,23.94,-0.21%,23.86,23.81,+9.79%,23.49,25.79,-12.98%,25.50,22.19
FLNC,2025-11-26,gainer,short,+2.22,+13.24%,-2.08%,19.24,19.64,-1.84%,19.04,19.39,-3.96%,19.20,19.96,+1.42%,20.14,19.85,-16.70%,20.00,23.34,-6.26%,22.55,23.96,-0.31%,22.79,22.86,-5.88%,22.61,23.94,+0.21%,23.86,23.81,-9.79%,23.49,25.79,+12.98%,25.50,22.19
AMBA,2025-11-26,loser,long,-17.08,-18.78%,-1.11%,75.01,74.18,-2.18%,72.50,70.92,-1.26%,72.00,71.09,-2.15%,71.65,70.11,+1.51%,70.00,71.06,+2.26%,72.46,74.10,+1.93%,75.24,76.69,+2.76%,76.15,78.25,+0.84%,78.36,79.02,+1.12%,78.26,79.14,-3.26%,77.82,75.28
AMBA,2025-11-26,loser,short,-17.08,-18.78%,+1.11%,75.01,74.18,+2.18%,72.50,70.92,+1.26%,72.00,71.09,+2.15%,71.65,70.11,-1.51%,70.00,71.06,-2.26%,72.46,74.10,-1.93%,75.24,76.69,-2.76%,76.15,78.25,-0.84%,78.36,79.02,-1.12%,78.26,79.14,+3.26%,77.82,75.28
NTNX,2025-11-26,loser,long,-10.43,-17.75%,-1.29%,48.42,47.80,+0.23%,47.08,47.19,-2.39%,47.71,46.57,+2.37%,46.35,47.45,-0.78%,47.48,47.11,+0.45%,47.11,47.32,-0.42%,47.59,47.39,+0.00%,47.23,47.23,+1.79%,47.05,47.89,-0.42%,47.60,47.40,-0.13%,47.64,47.58
NTNX,2025-11-26,loser,short,-10.43,-17.75%,+1.29%,48.42,47.80,-0.23%,47.08,47.19,+2.39%,47.71,46.57,-2.37%,46.35,47.45,+0.78%,47.48,47.11,-0.45%,47.11,47.32,+0.42%,47.59,47.39,-0.00%,47.23,47.23,-1.79%,47.05,47.89,+0.42%,47.60,47.40,+0.13%,47.64,47.58
ZS,2025-11-26,loser,long,-37.76,-13.03%,-0.50%,252.76,251.50,-1.59%,247.21,243.28,-0.95%,244.00,241.68,+1.25%,240.65,243.66,-0.53%,243.13,241.85,-0.28%,243.36,242.68,+0.48%,243.71,244.88,-0.43%,244.07,243.01,+0.43%,242.24,243.29,+0.44%,241.03,242.08,-2.21%,241.62,236.28
ZS,2025-11-26,loser,short,-37.76,-13.03%,+0.50%,252.76,251.50,+1.59%,247.21,243.28,+0.95%,244.00,241.68,-1.25%,240.65,243.66,+0.53%,243.13,241.85,+0.28%,243.36,242.68,-0.48%,243.71,244.88,+0.43%,244.07,243.01,-0.43%,242.24,243.29,-0.44%,241.03,242.08,+2.21%,241.62,236.28
WDAY,2025-11-26,loser,long,-18.35,-7.85%,+0.24%,215.11,215.62,-0.18%,213.74,213.35,-0.22%,213.53,213.06,+1.37%,211.94,214.84,+0.46%,215.62,216.62,+1.68%,216.34,219.96,+0.10%,220.78,221.00,+0.89%,220.29,222.25,+0.22%,222.26,222.75,+1.11%,221.57,224.04,-0.45%,225.50,224.49
WDAY,2025-11-26,loser,short,-18.35,-7.85%,-0.24%,215.11,215.62,+0.18%,213.74,213.35,+0.22%,213.53,213.06,-1.37%,211.94,214.84,-0.46%,215.62,216.62,-1.68%,216.34,219.96,-0.10%,220.78,221.00,-0.89%,220.29,222.25,-0.22%,222.26,222.75,-1.11%,221.57,224.04,+0.45%,225.50,224.49
HSAI,2025-11-26,loser,long,-1.49,-7.37%,+0.68%,19.10,19.23,+0.79%,18.92,19.07,-0.26%,18.96,18.91,+1.64%,18.90,19.21,+0.00%,19.99,19.99,-1.62%,20.43,20.10,+0.40%,20.00,20.08,+2.56%,19.53,20.03,+2.34%,20.07,20.54,+2.43%,19.96,20.44,-0.63%,20.60,20.47
HSAI,2025-11-26,loser,short,-1.49,-7.37%,-0.68%,19.10,19.23,-0.79%,18.92,19.07,+0.26%,18.96,18.91,-1.64%,18.90,19.21,-0.00%,19.99,19.99,+1.62%,20.43,20.10,-0.40%,20.00,20.08,-2.56%,19.53,20.03,-2.34%,20.07,20.54,-2.43%,19.96,20.44,+0.63%,20.60,20.47
TMC,2025-11-28,gainer,long,+1.13,+19.38%,-4.63%,6.59,6.28,+9.31%,6.77,7.40,+6.63%,7.24,7.72,+4.98%,7.43,7.80,-1.81%,7.73,7.59,+2.63%,7.60,7.80,+1.98%,7.59,7.74,-10.72%,7.67,6.85,+7.95%,6.83,7.37,-8.92%,7.29,6.64,-4.00%,6.75,6.48
TMC,2025-11-28,gainer,short,+1.13,+19.38%,+4.63%,6.59,6.28,-9.31%,6.77,7.40,-6.63%,7.24,7.72,-4.98%,7.43,7.80,+1.81%,7.73,7.59,-2.63%,7.60,7.80,-1.98%,7.59,7.74,+10.72%,7.67,6.85,-7.95%,6.83,7.37,+8.92%,7.29,6.64,+4.00%,6.75,6.48
EXK,2025-11-28,gainer,long,+1.31,+15.20%,-5.53%,9.95,9.40,-2.12%,9.44,9.24,-4.19%,9.31,8.92,+0.46%,8.65,8.69,-2.58%,8.90,8.67,-2.97%,8.74,8.48,+3.26%,8.58,8.86,+2.38%,8.82,9.03,+2.84%,9.15,9.41,-7.42%,9.70,8.98,-1.83%,9.30,9.13
EXK,2025-11-28,gainer,short,+1.31,+15.20%,+5.53%,9.95,9.40,+2.12%,9.44,9.24,+4.19%,9.31,8.92,-0.46%,8.65,8.69,+2.58%,8.90,8.67,+2.97%,8.74,8.48,-3.26%,8.58,8.86,-2.38%,8.82,9.03,-2.84%,9.15,9.41,+7.42%,9.70,8.98,+1.83%,9.30,9.13
AG,2025-11-28,gainer,long,+1.72,+12.73%,-0.64%,15.62,15.52,+3.31%,15.40,15.91,-1.54%,15.94,15.69,-1.89%,15.31,15.02,-2.78%,15.49,15.06,-4.71%,15.08,14.37,+6.43%,14.47,15.40,+2.89%,15.25,15.69,+4.41%,16.10,16.81,-8.23%,17.37,15.94,-2.79%,16.50,16.04
AG,2025-11-28,gainer,short,+1.72,+12.73%,+0.64%,15.62,15.52,-3.31%,15.40,15.91,+1.54%,15.94,15.69,+1.89%,15.31,15.02,+2.78%,15.49,15.06,+4.71%,15.08,14.37,-6.43%,14.47,15.40,-2.89%,15.25,15.69,-4.41%,16.10,16.81,+8.23%,17.37,15.94,+2.79%,16.50,16.04
CLSK,2025-11-28,gainer,long,+1.65,+12.27%,-1.33%,14.27,14.08,-6.22%,14.62,13.71,+3.78%,13.96,14.49,+4.38%,14.40,15.03,-5.97%,14.59,13.72,-0.32%,13.94,13.89,+8.20%,13.73,14.85,+0.48%,14.46,14.53,+5.37%,14.06,14.82,-4.36%,14.67,14.03,-13.09%,13.71,11.91
CLSK,2025-11-28,gainer,short,+1.65,+12.27%,+1.33%,14.27,14.08,+6.22%,14.62,13.71,-3.78%,13.96,14.49,-4.38%,14.40,15.03,+5.97%,14.59,13.72,+0.32%,13.94,13.89,-8.20%,13.73,14.85,-0.48%,14.46,14.53,-5.37%,14.06,14.82,+4.36%,14.67,14.03,+13.09%,13.71,11.91
IE,2025-11-28,gainer,long,+1.35,+10.42%,-7.36%,13.86,12.84,+2.65%,12.84,13.18,+5.54%,14.09,14.87,+3.87%,14.71,15.28,-4.55%,15.62,14.91,-1.27%,14.97,14.78,+4.47%,14.75,15.41,-0.06%,15.44,15.43,+3.24%,15.41,15.91,-6.12%,15.85,14.88,-0.66%,15.15,15.05
IE,2025-11-28,gainer,short,+1.35,+10.42%,+7.36%,13.86,12.84,-2.65%,12.84,13.18,-5.54%,14.09,14.87,-3.87%,14.71,15.28,+4.55%,15.62,14.91,+1.27%,14.97,14.78,-4.47%,14.75,15.41,+0.06%,15.44,15.43,-3.24%,15.41,15.91,+6.12%,15.85,14.88,+0.66%,15.15,15.05
MENS,2025-11-28,loser,long,-2.81,-9.36%,+10.55%,26.91,29.75,-2.27%,30.00,29.32,+0.83%,29.01,29.25,+1.35%,28.80,29.19,+8.15%,27.00,29.20,+1.08%,28.70,29.01,+0.25%,28.43,28.50,-6.55%,28.25,26.40,+0.87%,26.41,26.64,-5.84%,26.35,24.81,-5.25%,23.63,22.39
MENS,2025-11-28,loser,short,-2.81,-9.36%,-10.55%,26.91,29.75,+2.27%,30.00,29.32,-0.83%,29.01,29.25,-1.35%,28.80,29.19,-8.15%,27.00,29.20,-1.08%,28.70,29.01,-0.25%,28.43,28.50,+6.55%,28.25,26.40,-0.87%,26.41,26.64,+5.84%,26.35,24.81,+5.25%,23.63,22.39
ARWR,2025-11-28,loser,long,-5.01,-8.68%,+7.41%,52.37,56.25,+3.65%,55.91,57.95,+10.99%,58.63,65.07,+0.40%,64.40,64.66,-2.40%,62.95,61.44,+2.25%,67.09,68.60,+5.14%,65.46,68.83,+1.15%,68.09,68.87,+2.85%,68.86,70.82,-1.03%,70.82,70.09,-1.52%,69.51,68.45
ARWR,2025-11-28,loser,short,-5.01,-8.68%,-7.41%,52.37,56.25,-3.65%,55.91,57.95,-10.99%,58.63,65.07,-0.40%,64.40,64.66,+2.40%,62.95,61.44,-2.25%,67.09,68.60,-5.14%,65.46,68.83,-1.15%,68.09,68.87,-2.85%,68.86,70.82,+1.03%,70.82,70.09,+1.52%,69.51,68.45
NP,2025-11-28,loser,long,-1.67,-6.68%,+3.02%,23.19,23.89,-1.80%,23.87,23.44,+1.19%,23.46,23.74,+5.09%,23.76,24.97,-0.80%,24.91,24.71,-1.82%,24.76,24.31,+9.74%,24.33,26.70,+1.54%,26.64,27.05,+1.74%,26.99,27.46,+0.14%,27.69,27.73,-1.19%,27.83,27.50
NP,2025-11-28,loser,short,-1.67,-6.68%,-3.02%,23.19,23.89,+1.80%,23.87,23.44,-1.19%,23.46,23.74,-5.09%,23.76,24.97,+0.80%,24.91,24.71,+1.82%,24.76,24.31,-9.74%,24.33,26.70,-1.54%,26.64,27.05,-1.74%,26.99,27.46,-0.14%,27.69,27.73,+1.19%,27.83,27.50
URBN,2025-11-28,loser,long,-3.49,-4.50%,+6.23%,73.72,78.31,+0.38%,78.06,78.36,+1.06%,78.36,79.19,-3.64%,78.58,75.72,+0.19%,75.55,75.69,+0.03%,75.85,75.87,+2.75%,74.83,76.89,+2.78%,76.89,79.03,+2.47%,79.67,81.64,-0.20%,82.00,81.84,-1.04%,82.59,81.73
URBN,2025-11-28,loser,short,-3.49,-4.50%,-6.23%,73.72,78.31,-0.38%,78.06,78.36,-1.06%,78.36,79.19,+3.64%,78.58,75.72,-0.19%,75.55,75.69,-0.03%,75.85,75.87,-2.75%,74.83,76.89,-2.78%,76.89,79.03,-2.47%,79.67,81.64,+0.20%,82.00,81.84,+1.04%,82.59,81.73
ZBIO,2025-11-28,loser,long,-1.70,-4.19%,-3.01%,38.22,37.07,-7.75%,37.40,34.50,+6.29%,34.50,36.67,+4.07%,36.62,38.11,+2.90%,38.27,39.38,-2.03%,40.18,39.37,-2.39%,39.11,38.17,+2.41%,38.18,39.10,+2.32%,39.30,40.21,-0.10%,40.63,40.59,-19.67%,40.57,32.59
ZBIO,2025-11-28,loser,short,-1.70,-4.19%,+3.01%,38.22,37.07,+7.75%,37.40,34.50,-6.29%,34.50,36.67,-4.07%,36.62,38.11,-2.90%,38.27,39.38,+2.03%,40.18,39.37,+2.39%,39.11,38.17,-2.41%,38.18,39.10,-2.32%,39.30,40.21,+0.10%,40.63,40.59,+19.67%,40.57,32.59
BLTE,2025-12-01,gainer,long,+16.58,+12.06%,-5.98%,160.43,150.84,-1.35%,153.86,151.79,-0.48%,152.00,151.27,-0.66%,151.00,150.00,+1.29%,148.00,149.91,+0.10%,148.98,149.13,-0.90%,148.33,146.99,+0.81%,149.04,150.24,-5.94%,150.25,141.32,+0.02%,142.50,142.53,+5.66%,141.14,149.13
BLTE,2025-12-01,gainer,short,+16.58,+12.06%,+5.98%,160.43,150.84,+1.35%,153.86,151.79,+0.48%,152.00,151.27,+0.66%,151.00,150.00,-1.29%,148.00,149.91,-0.10%,148.98,149.13,+0.90%,148.33,146.99,-0.81%,149.04,150.24,+5.94%,150.25,141.32,-0.02%,142.50,142.53,-5.66%,141.14,149.13
BHC,2025-12-01,gainer,long,+0.70,+11.02%,-2.40%,7.07,6.90,+1.44%,6.95,7.05,+4.38%,7.07,7.38,-6.85%,7.44,6.93,-2.57%,7.00,6.82,+0.00%,6.80,6.80,+0.00%,6.82,6.82,+2.94%,6.81,7.01,-1.84%,7.05,6.92,+0.14%,6.90,6.91,+0.58%,6.89,6.93
BHC,2025-12-01,gainer,short,+0.70,+11.02%,+2.40%,7.07,6.90,-1.44%,6.95,7.05,-4.38%,7.07,7.38,+6.85%,7.44,6.93,+2.57%,7.00,6.82,-0.00%,6.80,6.80,-0.00%,6.82,6.82,-2.94%,6.81,7.01,+1.84%,7.05,6.92,-0.14%,6.90,6.91,-0.58%,6.89,6.93
ASH,2025-12-01,gainer,long,+5.64,+10.76%,-0.74%,57.92,57.49,+1.98%,57.15,58.28,+0.07%,58.25,58.29,+0.76%,58.15,58.59,-1.73%,58.51,57.50,+0.66%,57.22,57.60,+3.73%,57.69,59.84,+1.13%,59.94,60.62,-3.21%,61.11,59.15,-2.01%,61.06,59.83,-1.73%,59.68,58.65
ASH,2025-12-01,gainer,short,+5.64,+10.76%,+0.74%,57.92,57.49,-1.98%,57.15,58.28,-0.07%,58.25,58.29,-0.76%,58.15,58.59,+1.73%,58.51,57.50,-0.66%,57.22,57.60,-3.73%,57.69,59.84,-1.13%,59.94,60.62,+3.21%,61.11,59.15,+2.01%,61.06,59.83,+1.73%,59.68,58.65
MENS,2025-12-01,gainer,long,+2.55,+9.38%,-2.27%,30.00,29.32,+0.83%,29.01,29.25,+1.35%,28.80,29.19,+8.15%,27.00,29.20,+1.08%,28.70,29.01,+0.25%,28.43,28.50,-6.55%,28.25,26.40,+0.87%,26.41,26.64,-5.84%,26.35,24.81,-5.25%,23.63,22.39,-33.04%,23.00,15.40
MENS,2025-12-01,gainer,short,+2.55,+9.38%,+2.27%,30.00,29.32,-0.83%,29.01,29.25,-1.35%,28.80,29.19,-8.15%,27.00,29.20,-1.08%,28.70,29.01,-0.25%,28.43,28.50,+6.55%,28.25,26.40,-0.87%,26.41,26.64,+5.84%,26.35,24.81,+5.25%,23.63,22.39,+33.04%,23.00,15.40
BBWI,2025-12-01,gainer,long,+1.57,+9.02%,-1.54%,18.89,18.60,+1.71%,18.69,19.01,-0.63%,19.13,19.01,-1.62%,19.14,18.83,+4.41%,18.82,19.65,-1.96%,19.40,19.02,+3.77%,18.82,19.53,+2.10%,19.53,19.94,+0.00%,20.05,20.05,-2.38%,20.20,19.72,-1.75%,19.99,19.64
BBWI,2025-12-01,gainer,short,+1.57,+9.02%,+1.54%,18.89,18.60,-1.71%,18.69,19.01,+0.63%,19.13,19.01,+1.62%,19.14,18.83,-4.41%,18.82,19.65,+1.96%,19.40,19.02,-3.77%,18.82,19.53,-2.10%,19.53,19.94,-0.00%,20.05,20.05,+2.38%,20.20,19.72,+1.75%,19.99,19.64
BLLN,2025-12-01,loser,long,-17.14,-13.17%,+2.68%,111.92,114.92,-10.85%,115.26,102.76,-0.93%,105.00,104.02,+6.31%,105.01,111.64,-7.08%,112.63,104.66,+4.11%,105.21,109.53,+1.67%,102.00,103.70,-4.15%,101.66,97.44,+6.23%,96.01,101.99,-6.17%,103.00,96.64,-2.61%,94.43,91.96
BLLN,2025-12-01,loser,short,-17.14,-13.17%,-2.68%,111.92,114.92,+10.85%,115.26,102.76,+0.93%,105.00,104.02,-6.31%,105.01,111.64,+7.08%,112.63,104.66,-4.11%,105.21,109.53,-1.67%,102.00,103.70,+4.15%,101.66,97.44,-6.23%,96.01,101.99,+6.17%,103.00,96.64,+2.61%,94.43,91.96
BMNR,2025-12-01,loser,long,-4.18,-12.62%,+4.04%,30.67,31.91,+1.42%,33.19,33.66,+8.78%,33.39,36.32,-3.10%,35.15,34.06,+1.39%,35.35,35.84,+12.03%,35.00,39.21,+3.78%,38.93,40.40,-1.08%,38.80,38.38,-9.45%,38.50,34.86,-10.34%,34.52,30.95,+1.78%,30.84,31.39
BMNR,2025-12-01,loser,short,-4.18,-12.62%,-4.04%,30.67,31.91,-1.42%,33.19,33.66,-8.78%,33.39,36.32,+3.10%,35.15,34.06,-1.39%,35.35,35.84,-12.03%,35.00,39.21,-3.78%,38.93,40.40,+1.08%,38.80,38.38,+9.45%,38.50,34.86,+10.34%,34.52,30.95,-1.78%,30.84,31.39
GRAL,2025-12-01,loser,long,-12.12,-10.98%,-2.07%,99.44,97.38,+5.01%,96.36,101.19,+4.71%,100.00,104.71,-3.60%,104.75,100.98,-2.31%,102.16,99.80,-0.61%,98.06,97.46,-0.65%,95.55,94.93,+1.24%,93.90,95.06,-2.11%,92.78,90.82,-1.30%,92.24,91.04,-3.40%,90.08,87.02
GRAL,2025-12-01,loser,short,-12.12,-10.98%,+2.07%,99.44,97.38,-5.01%,96.36,101.19,-4.71%,100.00,104.71,+3.60%,104.75,100.98,+2.31%,102.16,99.80,+0.61%,98.06,97.46,+0.65%,95.55,94.93,-1.24%,93.90,95.06,+2.11%,92.78,90.82,+1.30%,92.24,91.04,+3.40%,90.08,87.02
TMC,2025-12-01,loser,long,-0.68,-9.70%,+9.31%,6.77,7.40,+6.63%,7.24,7.72,+4.98%,7.43,7.80,-1.81%,7.73,7.59,+2.63%,7.60,7.80,+1.98%,7.59,7.74,-10.72%,7.67,6.85,+7.95%,6.83,7.37,-8.92%,7.29,6.64,-4.00%,6.75,6.48,+7.25%,6.41,6.88
TMC,2025-12-01,loser,short,-0.68,-9.70%,-9.31%,6.77,7.40,-6.63%,7.24,7.72,-4.98%,7.43,7.80,+1.81%,7.73,7.59,-2.63%,7.60,7.80,-1.98%,7.59,7.74,+10.72%,7.67,6.85,-7.95%,6.83,7.37,+8.92%,7.29,6.64,+4.00%,6.75,6.48,-7.25%,6.41,6.88
EOSE,2025-12-01,loser,long,-1.46,-9.69%,-6.54%,13.68,12.78,+6.11%,12.77,13.55,+16.26%,13.41,15.59,-2.85%,15.43,14.99,+2.16%,15.10,15.43,-2.48%,15.33,14.95,-0.80%,14.91,14.79,+13.38%,14.50,16.44,-9.07%,16.32,14.84,-9.68%,15.09,13.63,-0.83%,13.41,13.30
EOSE,2025-12-01,loser,short,-1.46,-9.69%,+6.54%,13.68,12.78,-6.11%,12.77,13.55,-16.26%,13.41,15.59,+2.85%,15.43,14.99,-2.16%,15.10,15.43,+2.48%,15.33,14.95,+0.80%,14.91,14.79,-13.38%,14.50,16.44,+9.07%,16.32,14.84,+9.68%,15.09,13.63,+0.83%,13.41,13.30
MDB,2025-12-02,gainer,long,+73.12,+22.23%,+0.29%,404.79,405.94,-1.91%,404.45,396.73,+2.76%,398.61,409.62,+1.17%,413.86,418.71,-0.55%,416.36,414.06,+3.76%,411.92,427.41,-0.66%,423.18,420.39,+0.28%,417.84,419.00,-1.15%,420.86,416.00,+2.74%,410.25,421.50,,,
MDB,2025-12-02,gainer,short,+73.12,+22.23%,-0.29%,404.79,405.94,+1.91%,404.45,396.73,-2.76%,398.61,409.62,-1.17%,413.86,418.71,+0.55%,416.36,414.06,-3.76%,411.92,427.41,+0.66%,423.18,420.39,-0.28%,417.84,419.00,+1.15%,420.86,416.00,-2.74%,410.25,421.50,,,
TMC,2025-12-02,gainer,long,+1.12,+17.74%,+6.63%,7.24,7.72,+4.98%,7.43,7.80,-1.81%,7.73,7.59,+2.63%,7.60,7.80,+1.98%,7.59,7.74,-10.72%,7.67,6.85,+7.95%,6.83,7.37,-8.92%,7.29,6.64,-4.00%,6.75,6.48,+7.25%,6.41,6.88,,,
TMC,2025-12-02,gainer,short,+1.12,+17.74%,-6.63%,7.24,7.72,-4.98%,7.43,7.80,+1.81%,7.73,7.59,-2.63%,7.60,7.80,-1.98%,7.59,7.74,+10.72%,7.67,6.85,-7.95%,6.83,7.37,+8.92%,7.29,6.64,+4.00%,6.75,6.48,-7.25%,6.41,6.88,,,
VERA,2025-12-02,gainer,long,+4.25,+12.88%,+11.39%,37.04,41.26,+3.47%,41.18,42.61,+3.15%,43.53,44.90,+0.33%,44.88,45.03,+7.43%,41.57,44.66,+2.49%,43.26,44.34,+3.96%,44.26,46.02,+8.43%,45.93,49.80,-0.57%,49.49,49.21,-2.68%,49.63,48.30,,,
VERA,2025-12-02,gainer,short,+4.25,+12.88%,-11.39%,37.04,41.26,-3.47%,41.18,42.61,-3.15%,43.53,44.90,-0.33%,44.88,45.03,-7.43%,41.57,44.66,-2.49%,43.26,44.34,-3.96%,44.26,46.02,-8.43%,45.93,49.80,+0.57%,49.49,49.21,+2.68%,49.63,48.30,,,
BMNR,2025-12-02,gainer,long,+2.97,+10.26%,+1.42%,33.19,33.66,+8.78%,33.39,36.32,-3.10%,35.15,34.06,+1.39%,35.35,35.84,+12.03%,35.00,39.21,+3.78%,38.93,40.40,-1.08%,38.80,38.38,-9.45%,38.50,34.86,-10.34%,34.52,30.95,+1.78%,30.84,31.39,,,
BMNR,2025-12-02,gainer,short,+2.97,+10.26%,-1.42%,33.19,33.66,-8.78%,33.39,36.32,+3.10%,35.15,34.06,-1.39%,35.35,35.84,-12.03%,35.00,39.21,-3.78%,38.93,40.40,+1.08%,38.80,38.38,+9.45%,38.50,34.86,+10.34%,34.52,30.95,-1.78%,30.84,31.39,,,
LUMN,2025-12-02,gainer,long,+0.85,+10.25%,+4.93%,9.12,9.57,-7.97%,9.54,8.78,-5.28%,8.72,8.26,+0.24%,8.35,8.37,+2.04%,8.33,8.50,+2.48%,8.48,8.69,+0.47%,8.60,8.64,-1.96%,8.67,8.50,-4.84%,8.47,8.06,+1.69%,7.97,8.10,,,
LUMN,2025-12-02,gainer,short,+0.85,+10.25%,-4.93%,9.12,9.57,+7.97%,9.54,8.78,+5.28%,8.72,8.26,-0.24%,8.35,8.37,-2.04%,8.33,8.50,-2.48%,8.48,8.69,-0.47%,8.60,8.64,+1.96%,8.67,8.50,+4.84%,8.47,8.06,-1.69%,7.97,8.10,,,
SYM,2025-12-02,loser,long,-18.35,-21.51%,+6.42%,68.80,73.22,-2.78%,62.21,60.48,-1.09%,60.36,59.70,+0.10%,60.42,60.48,+5.19%,59.10,62.17,-1.31%,61.05,60.25,+6.82%,59.56,63.62,-3.44%,63.62,61.43,-3.03%,61.60,59.73,+3.81%,60.39,62.69,,,
SYM,2025-12-02,loser,short,-18.35,-21.51%,-6.42%,68.80,73.22,+2.78%,62.21,60.48,+1.09%,60.36,59.70,-0.10%,60.42,60.48,-5.19%,59.10,62.17,+1.31%,61.05,60.25,-6.82%,59.56,63.62,+3.44%,63.62,61.43,+3.03%,61.60,59.73,-3.81%,60.39,62.69,,,
IREN,2025-12-02,loser,long,-7.37,-15.20%,+6.87%,41.13,43.96,+8.07%,42.98,46.45,-1.95%,45.60,44.71,+2.34%,45.28,46.34,+2.25%,45.81,46.84,-5.18%,46.32,43.92,+1.90%,43.12,43.94,-7.41%,43.34,40.13,-12.07%,40.35,35.48,+4.87%,34.89,36.59,,,
IREN,2025-12-02,loser,short,-7.37,-15.20%,-6.87%,41.13,43.96,-8.07%,42.98,46.45,+1.95%,45.60,44.71,-2.34%,45.28,46.34,-2.25%,45.81,46.84,+5.18%,46.32,43.92,-1.90%,43.12,43.94,+7.41%,43.34,40.13,+12.07%,40.35,35.48,-4.87%,34.89,36.59,,,
HUT,2025-12-02,loser,long,-5.89,-13.52%,+7.12%,37.36,40.02,+8.71%,39.38,42.81,+1.34%,41.87,42.43,-1.06%,43.39,42.93,+6.62%,42.12,44.91,+4.39%,44.10,46.04,+5.53%,44.30,46.75,-9.86%,45.83,41.31,-13.09%,40.78,35.44,+5.11%,35.06,36.85,,,
HUT,2025-12-02,loser,short,-5.89,-13.52%,-7.12%,37.36,40.02,-8.71%,39.38,42.81,-1.34%,41.87,42.43,+1.06%,43.39,42.93,-6.62%,42.12,44.91,-4.39%,44.10,46.04,-5.53%,44.30,46.75,+9.86%,45.83,41.31,+13.09%,40.78,35.44,-5.11%,35.06,36.85,,,
ALAB,2025-12-02,loser,long,-22.25,-13.47%,+1.45%,150.32,152.50,+1.01%,150.99,152.51,+4.12%,154.85,161.23,+7.88%,162.90,175.74,+2.00%,163.81,167.08,-1.31%,166.50,164.32,+7.47%,161.63,173.70,-13.71%,172.49,148.85,-4.21%,149.98,143.66,+2.39%,141.55,144.94,,,
ALAB,2025-12-02,loser,short,-22.25,-13.47%,-1.45%,150.32,152.50,-1.01%,150.99,152.51,-4.12%,154.85,161.23,-7.88%,162.90,175.74,-2.00%,163.81,167.08,+1.31%,166.50,164.32,-7.47%,161.63,173.70,+13.71%,172.49,148.85,+4.21%,149.98,143.66,-2.39%,141.55,144.94,,,
CIFR,2025-12-02,loser,long,-2.05,-10.41%,+6.09%,17.56,18.63,+9.23%,18.16,19.83,-0.11%,19.30,19.28,-2.01%,19.88,19.48,+2.79%,19.03,19.56,-2.99%,19.05,18.48,+3.45%,18.25,18.88,-7.59%,18.45,17.05,-13.62%,17.07,14.74,+5.12%,14.26,14.99,,,
CIFR,2025-12-02,loser,short,-2.05,-10.41%,-6.09%,17.56,18.63,-9.23%,18.16,19.83,+0.11%,19.30,19.28,+2.01%,19.88,19.48,-2.79%,19.03,19.56,+2.99%,19.05,18.48,-3.45%,18.25,18.88,+7.59%,18.45,17.05,+13.62%,17.07,14.74,-5.12%,14.26,14.99,,,
AEO,2025-12-03,gainer,long,+3.14,+15.07%,+0.50%,24.06,24.18,-3.95%,24.04,23.09,-2.90%,23.09,22.42,+6.74%,22.40,23.91,+2.68%,23.53,24.16,+3.60%,24.20,25.07,+1.03%,25.20,25.46,+6.25%,25.42,27.01,+1.52%,26.95,27.36,,,,,,
AEO,2025-12-03,gainer,short,+3.14,+15.07%,-0.50%,24.06,24.18,+3.95%,24.04,23.09,+2.90%,23.09,22.42,-6.74%,22.40,23.91,-2.68%,23.53,24.16,-3.60%,24.20,25.07,-1.03%,25.20,25.46,-6.25%,25.42,27.01,-1.52%,26.95,27.36,,,,,,
BEAM,2025-12-03,gainer,long,+3.37,+14.42%,+9.55%,26.39,28.91,-5.71%,28.73,27.09,-1.63%,27.55,27.10,-0.68%,26.66,26.48,+4.10%,26.32,27.40,+0.95%,27.25,27.51,-1.05%,27.65,27.36,-3.09%,27.68,26.83,+0.81%,26.55,26.76,,,,,,
BEAM,2025-12-03,gainer,short,+3.37,+14.42%,-9.55%,26.39,28.91,+5.71%,28.73,27.09,+1.63%,27.55,27.10,+0.68%,26.66,26.48,-4.10%,26.32,27.40,-0.95%,27.25,27.51,+1.05%,27.65,27.36,+3.09%,27.68,26.83,-0.81%,26.55,26.76,,,,,,
SYRE,2025-12-03,gainer,long,+3.80,+13.38%,+4.13%,32.18,33.51,-0.48%,33.61,33.45,+3.53%,33.45,34.63,-2.32%,34.48,33.68,+2.85%,33.70,34.66,-1.18%,34.77,34.36,-2.27%,34.40,33.62,-1.74%,33.93,33.34,-0.09%,33.00,32.97,,,,,,
SYRE,2025-12-03,gainer,short,+3.80,+13.38%,-4.13%,32.18,33.51,+0.48%,33.61,33.45,-3.53%,33.45,34.63,+2.32%,34.48,33.68,-2.85%,33.70,34.66,+1.18%,34.77,34.36,+2.27%,34.40,33.62,+1.74%,33.93,33.34,+0.09%,33.00,32.97,,,,,,
IE,2025-12-03,gainer,long,+1.69,+12.82%,+3.87%,14.71,15.28,-4.55%,15.62,14.91,-1.27%,14.97,14.78,+4.47%,14.75,15.41,-0.06%,15.44,15.43,+3.24%,15.41,15.91,-6.12%,15.85,14.88,-0.66%,15.15,15.05,-4.16%,14.89,14.27,,,,,,
IE,2025-12-03,gainer,short,+1.69,+12.82%,-3.87%,14.71,15.28,+4.55%,15.62,14.91,+1.27%,14.97,14.78,-4.47%,14.75,15.41,+0.06%,15.44,15.43,-3.24%,15.41,15.91,+6.12%,15.85,14.88,+0.66%,15.15,15.05,+4.16%,14.89,14.27,,,,,,
SITM,2025-12-03,gainer,long,+38.60,+12.54%,+2.24%,342.80,350.49,+0.06%,351.85,352.05,+0.41%,360.46,361.95,+2.39%,357.92,366.49,+3.21%,364.64,376.36,+3.54%,372.41,385.61,-5.88%,384.65,362.05,-2.61%,372.99,363.25,+1.87%,356.94,363.60,,,,,,
SITM,2025-12-03,gainer,short,+38.60,+12.54%,-2.24%,342.80,350.49,-0.06%,351.85,352.05,-0.41%,360.46,361.95,-2.39%,357.92,366.49,-3.21%,364.64,376.36,-3.54%,372.41,385.61,+5.88%,384.65,362.05,+2.61%,372.99,363.25,-1.87%,356.94,363.60,,,,,,
PSTG,2025-12-03,loser,long,-25.87,-27.31%,+5.49%,68.44,72.20,-1.26%,71.33,70.43,-0.41%,71.33,71.04,-0.16%,70.26,70.15,+4.90%,70.21,73.65,+3.70%,73.16,75.87,-4.63%,74.78,71.32,-2.10%,71.06,69.57,-0.06%,69.76,69.72,,,,,,
PSTG,2025-12-03,loser,short,-25.87,-27.31%,-5.49%,68.44,72.20,+1.26%,71.33,70.43,+0.41%,71.33,71.04,+0.16%,70.26,70.15,-4.90%,70.21,73.65,-3.70%,73.16,75.87,+4.63%,74.78,71.32,+2.10%,71.06,69.57,+0.06%,69.76,69.72,,,,,,
GTLB,2025-12-03,loser,long,-5.54,-12.77%,-2.06%,38.30,37.51,-0.90%,37.69,37.35,+3.74%,37.66,39.07,+0.31%,38.90,39.02,+2.90%,39.36,40.50,+1.62%,40.05,40.70,-3.28%,40.86,39.52,-3.28%,39.90,38.59,+1.33%,37.60,38.10,,,,,,
GTLB,2025-12-03,loser,short,-5.54,-12.77%,+2.06%,38.30,37.51,+0.90%,37.69,37.35,-3.74%,37.66,39.07,-0.31%,38.90,39.02,-2.90%,39.36,40.50,-1.62%,40.05,40.70,+3.28%,40.86,39.52,+3.28%,39.90,38.59,-1.33%,37.60,38.10,,,,,,
ULS,2025-12-03,loser,long,-9.47,-10.66%,+0.89%,76.06,76.74,-0.26%,76.80,76.60,-0.73%,78.44,77.87,+0.54%,77.10,77.52,+0.39%,76.79,77.09,+1.21%,77.07,78.00,-0.35%,78.15,77.88,-1.00%,78.21,77.43,+0.36%,77.25,77.53,,,,,,
ULS,2025-12-03,loser,short,-9.47,-10.66%,-0.89%,76.06,76.74,+0.26%,76.80,76.60,+0.73%,78.44,77.87,-0.54%,77.10,77.52,-0.39%,76.79,77.09,-1.21%,77.07,78.00,+0.35%,78.15,77.88,+1.00%,78.21,77.43,-0.36%,77.25,77.53,,,,,,
BLLN,2025-12-03,loser,long,-12.16,-10.58%,-0.93%,105.00,104.02,+6.31%,105.01,111.64,-7.08%,112.63,104.66,+4.11%,105.21,109.53,+1.67%,102.00,103.70,-4.15%,101.66,97.44,+6.23%,96.01,101.99,-6.17%,103.00,96.64,-2.61%,94.43,91.96,,,,,,
BLLN,2025-12-03,loser,short,-12.16,-10.58%,+0.93%,105.00,104.02,-6.31%,105.01,111.64,+7.08%,112.63,104.66,-4.11%,105.21,109.53,-1.67%,102.00,103.70,+4.15%,101.66,97.44,-6.23%,96.01,101.99,+6.17%,103.00,96.64,+2.61%,94.43,91.96,,,,,,
OS,2025-12-03,loser,long,-2.15,-10.39%,+0.21%,18.69,18.73,-1.71%,18.68,18.36,+2.23%,18.40,18.81,-1.50%,18.66,18.38,+0.00%,18.36,18.36,-2.01%,18.43,18.06,-2.10%,18.12,17.74,-4.39%,17.77,16.99,+3.83%,16.97,17.62,,,,,,
OS,2025-12-03,loser,short,-2.15,-10.39%,-0.21%,18.69,18.73,+1.71%,18.68,18.36,-2.23%,18.40,18.81,+1.50%,18.66,18.38,-0.00%,18.36,18.36,+2.01%,18.43,18.06,+2.10%,18.12,17.74,+4.39%,17.77,16.99,-3.83%,16.97,17.62,,,,,,
USAR,2025-12-04,gainer,long,+3.46,+24.68%,+4.49%,16.48,17.22,-2.40%,17.54,17.12,+4.51%,16.75,17.51,-7.35%,18.07,16.74,+15.08%,16.31,18.77,-7.99%,18.52,17.04,-12.79%,17.05,14.87,+2.74%,14.60,15.00,,,,,,,,,
USAR,2025-12-04,gainer,short,+3.46,+24.68%,-4.49%,16.48,17.22,+2.40%,17.54,17.12,-4.51%,16.75,17.51,+7.35%,18.07,16.74,-15.08%,16.31,18.77,+7.99%,18.52,17.04,+12.79%,17.05,14.87,-2.74%,14.60,15.00,,,,,,,,,
PATH,2025-12-04,gainer,long,+3.65,+24.56%,+2.87%,18.15,18.67,+1.10%,19.08,19.29,-1.50%,19.27,18.98,+0.16%,18.66,18.69,-3.27%,18.64,18.03,-3.44%,18.04,17.42,-8.13%,17.59,16.16,-0.68%,16.20,16.09,,,,,,,,,
PATH,2025-12-04,gainer,short,+3.65,+24.56%,-2.87%,18.15,18.67,-1.10%,19.08,19.29,+1.50%,19.27,18.98,-0.16%,18.66,18.69,+3.27%,18.64,18.03,+3.44%,18.04,17.42,+8.13%,17.59,16.16,+0.68%,16.20,16.09,,,,,,,,,
RGC,2025-12-04,gainer,long,+2.99,+22.98%,+8.19%,15.01,16.24,+5.93%,16.03,16.98,-2.35%,17.00,16.60,-1.09%,16.54,16.36,+1.14%,16.66,16.85,-1.48%,16.85,16.60,+2.68%,16.81,17.26,-5.38%,17.65,16.70,,,,,,,,,
RGC,2025-12-04,gainer,short,+2.99,+22.98%,-8.19%,15.01,16.24,-5.93%,16.03,16.98,+2.35%,17.00,16.60,+1.09%,16.54,16.36,-1.14%,16.66,16.85,+1.48%,16.85,16.60,-2.68%,16.81,17.26,+5.38%,17.65,16.70,,,,,,,,,
ASTS,2025-12-04,gainer,long,+11.21,+18.25%,+3.46%,71.44,73.92,-1.33%,75.00,74.00,-0.56%,73.25,72.84,+8.88%,72.61,79.05,+8.20%,78.32,84.75,-7.82%,83.21,76.70,-11.80%,76.88,67.81,+4.22%,65.60,68.37,,,,,,,,,
ASTS,2025-12-04,gainer,short,+11.21,+18.25%,-3.46%,71.44,73.92,+1.33%,75.00,74.00,+0.56%,73.25,72.84,-8.88%,72.61,79.05,-8.20%,78.32,84.75,+7.82%,83.21,76.70,+11.80%,76.88,67.81,-4.22%,65.60,68.37,,,,,,,,,
FLNC,2025-12-04,gainer,long,+3.49,+17.58%,+6.26%,22.55,23.96,+0.31%,22.79,22.86,+5.88%,22.61,23.94,-0.21%,23.86,23.81,+9.79%,23.49,25.79,-12.98%,25.50,22.19,-4.78%,22.60,21.52,+2.40%,20.81,21.31,,,,,,,,,
FLNC,2025-12-04,gainer,short,+3.49,+17.58%,-6.26%,22.55,23.96,-0.31%,22.79,22.86,-5.88%,22.61,23.94,+0.21%,23.86,23.81,-9.79%,23.49,25.79,+12.98%,25.50,22.19,+4.78%,22.60,21.52,-2.40%,20.81,21.31,,,,,,,,,
SYM,2025-12-04,loser,long,-12.74,-17.40%,-1.09%,60.36,59.70,+0.10%,60.42,60.48,+5.19%,59.10,62.17,-1.31%,61.05,60.25,+6.82%,59.56,63.62,-3.44%,63.62,61.43,-3.03%,61.60,59.73,+3.81%,60.39,62.69,,,,,,,,,
SYM,2025-12-04,loser,short,-12.74,-17.40%,+1.09%,60.36,59.70,-0.10%,60.42,60.48,-5.19%,59.10,62.17,+1.31%,61.05,60.25,-6.82%,59.56,63.62,+3.44%,63.62,61.43,+3.03%,61.60,59.73,-3.81%,60.39,62.69,,,,,,,,,
PTRN,2025-12-04,loser,long,-2.00,-13.03%,-0.45%,13.37,13.31,-3.46%,13.31,12.85,-1.10%,12.77,12.63,+1.68%,12.52,12.73,+1.67%,12.54,12.75,-0.55%,12.79,12.72,-5.87%,12.61,11.87,+1.11%,11.75,11.88,,,,,,,,,
PTRN,2025-12-04,loser,short,-2.00,-13.03%,+0.45%,13.37,13.31,+3.46%,13.31,12.85,+1.10%,12.77,12.63,-1.68%,12.52,12.73,-1.67%,12.54,12.75,+0.55%,12.79,12.72,+5.87%,12.61,11.87,-1.11%,11.75,11.88,,,,,,,,,
PVH,2025-12-04,loser,long,-10.39,-11.87%,+2.41%,76.64,78.49,-3.67%,77.69,74.84,+0.95%,75.40,76.12,+1.30%,74.56,75.53,+1.24%,76.32,77.27,-3.64%,78.11,75.27,-1.26%,75.45,74.50,-2.04%,74.45,72.93,,,,,,,,,
PVH,2025-12-04,loser,short,-10.39,-11.87%,-2.41%,76.64,78.49,+3.67%,77.69,74.84,-0.95%,75.40,76.12,-1.30%,74.56,75.53,-1.24%,76.32,77.27,+3.64%,78.11,75.27,+1.26%,75.45,74.50,+2.04%,74.45,72.93,,,,,,,,,
SNOW,2025-12-04,loser,long,-30.23,-11.41%,-2.05%,233.59,228.79,-1.46%,228.64,225.31,-0.18%,223.01,222.60,-1.68%,220.26,216.55,+2.56%,215.00,220.51,-0.94%,220.00,217.93,-0.76%,216.92,215.28,+3.84%,212.45,220.60,,,,,,,,,
SNOW,2025-12-04,loser,short,-30.23,-11.41%,+2.05%,233.59,228.79,+1.46%,228.64,225.31,+0.18%,223.01,222.60,+1.68%,220.26,216.55,-2.56%,215.00,220.51,+0.94%,220.00,217.93,+0.76%,216.92,215.28,-3.84%,212.45,220.60,,,,,,,,,
LUMN,2025-12-04,loser,long,-0.79,-8.25%,-5.28%,8.72,8.26,+0.24%,8.35,8.37,+2.04%,8.33,8.50,+2.48%,8.48,8.69,+0.47%,8.60,8.64,-1.96%,8.67,8.50,-4.84%,8.47,8.06,+1.69%,7.97,8.10,,,,,,,,,
LUMN,2025-12-04,loser,short,-0.79,-8.25%,+5.28%,8.72,8.26,-0.24%,8.35,8.37,-2.04%,8.33,8.50,-2.48%,8.48,8.69,-0.47%,8.60,8.64,+1.96%,8.67,8.50,+4.84%,8.47,8.06,-1.69%,7.97,8.10,,,,,,,,,
DBRG,2025-12-05,gainer,long,+4.40,+45.27%,+4.90%,14.30,15.00,+1.72%,14.82,15.08,-1.04%,14.95,14.80,+2.97%,14.80,15.24,-5.96%,15.26,14.35,-2.77%,14.43,14.03,-3.79%,14.00,13.47,,,,,,,,,,,,
DBRG,2025-12-05,gainer,short,+4.40,+45.27%,-4.90%,14.30,15.00,-1.72%,14.82,15.08,+1.04%,14.95,14.80,-2.97%,14.80,15.24,+5.96%,15.26,14.35,+2.77%,14.43,14.03,+3.79%,14.00,13.47,,,,,,,,,,,,
PRAX,2025-12-05,gainer,long,+58.02,+30.54%,+4.50%,259.31,270.98,-4.75%,271.00,258.13,+2.56%,255.05,261.58,+2.25%,261.40,267.28,+1.83%,263.98,268.80,+1.45%,272.46,276.40,+1.30%,270.98,274.51,,,,,,,,,,,,
PRAX,2025-12-05,gainer,short,+58.02,+30.54%,-4.50%,259.31,270.98,+4.75%,271.00,258.13,-2.56%,255.05,261.58,-2.25%,261.40,267.28,-1.83%,263.98,268.80,-1.45%,272.46,276.40,-1.30%,270.98,274.51,,,,,,,,,,,,
RBRK,2025-12-05,gainer,long,+15.84,+22.49%,+4.17%,85.53,89.10,+3.19%,88.49,91.31,-2.34%,92.06,89.91,-1.91%,88.78,87.08,-5.19%,85.99,81.53,-2.70%,82.11,79.89,-0.35%,78.18,77.91,,,,,,,,,,,,
RBRK,2025-12-05,gainer,short,+15.84,+22.49%,-4.17%,85.53,89.10,-3.19%,88.49,91.31,+2.34%,92.06,89.91,+1.91%,88.78,87.08,+5.19%,85.99,81.53,+2.70%,82.11,79.89,+0.35%,78.18,77.91,,,,,,,,,,,,
VSCO,2025-12-05,gainer,long,+7.48,+17.99%,+2.30%,49.51,50.65,+3.18%,50.70,52.31,-0.19%,52.11,52.01,+0.80%,52.33,52.75,+2.06%,53.39,54.49,+0.64%,54.41,54.76,-2.44%,55.00,53.66,,,,,,,,,,,,
VSCO,2025-12-05,gainer,short,+7.48,+17.99%,-2.30%,49.51,50.65,-3.18%,50.70,52.31,+0.19%,52.11,52.01,-0.80%,52.33,52.75,-2.06%,53.39,54.49,-0.64%,54.41,54.76,+2.44%,55.00,53.66,,,,,,,,,,,,
ULTA,2025-12-05,gainer,long,+67.55,+12.65%,-3.68%,611.84,589.30,+1.81%,592.22,602.97,-0.25%,602.13,600.65,-1.44%,602.10,593.41,+0.65%,597.69,601.59,-1.88%,602.50,591.20,-0.81%,594.08,589.27,,,,,,,,,,,,
ULTA,2025-12-05,gainer,short,+67.55,+12.65%,+3.68%,611.84,589.30,-1.81%,592.22,602.97,+0.25%,602.13,600.65,+1.44%,602.10,593.41,-0.65%,597.69,601.59,+1.88%,602.50,591.20,+0.81%,594.08,589.27,,,,,,,,,,,,
PSN,2025-12-05,loser,long,-17.81,-21.09%,-5.72%,67.00,63.17,+3.64%,62.87,65.16,+2.07%,65.66,67.02,-1.39%,66.82,65.89,-4.35%,66.21,63.33,-3.16%,63.62,61.61,+0.24%,61.54,61.69,,,,,,,,,,,,
PSN,2025-12-05,loser,short,-17.81,-21.09%,+5.72%,67.00,63.17,-3.64%,62.87,65.16,-2.07%,65.66,67.02,+1.39%,66.82,65.89,+4.35%,66.21,63.33,+3.16%,63.62,61.61,-0.24%,61.54,61.69,,,,,,,,,,,,
ADPT,2025-12-05,loser,long,-2.71,-15.52%,+1.63%,14.71,14.95,+0.07%,14.85,14.86,+5.50%,14.92,15.74,-2.03%,15.74,15.42,+0.39%,15.38,15.44,-2.12%,16.03,15.69,+1.72%,15.66,15.93,,,,,,,,,,,,
ADPT,2025-12-05,loser,short,-2.71,-15.52%,-1.63%,14.71,14.95,-0.07%,14.85,14.86,-5.50%,14.92,15.74,+2.03%,15.74,15.42,-0.39%,15.38,15.44,+2.12%,16.03,15.69,-1.72%,15.66,15.93,,,,,,,,,,,,
S,2025-12-05,loser,long,-2.45,-14.44%,+2.13%,14.57,14.88,+0.07%,14.83,14.84,+2.63%,14.85,15.24,-0.79%,15.11,14.99,-0.20%,15.11,15.08,-2.05%,15.15,14.84,+0.48%,14.73,14.80,,,,,,,,,,,,
S,2025-12-05,loser,short,-2.45,-14.44%,-2.13%,14.57,14.88,-0.07%,14.83,14.84,-2.63%,14.85,15.24,+0.79%,15.11,14.99,+0.20%,15.11,15.08,+2.05%,15.15,14.84,-0.48%,14.73,14.80,,,,,,,,,,,,
AGX,2025-12-05,loser,long,-42.69,-11.98%,+1.40%,314.91,319.31,+3.56%,321.44,332.87,-0.69%,328.03,325.77,+1.53%,325.63,330.60,-2.47%,328.00,319.91,+1.20%,316.30,320.10,,,,,,,,,,,,,,,
AGX,2025-12-05,loser,short,-42.69,-11.98%,-1.40%,314.91,319.31,-3.56%,321.44,332.87,+0.69%,328.03,325.77,-1.53%,325.63,330.60,+2.47%,328.00,319.91,-1.20%,316.30,320.10,,,,,,,,,,,,,,,
DOCS,2025-12-05,loser,long,-5.38,-10.49%,-0.95%,46.12,45.68,-0.99%,45.58,45.13,-0.64%,45.33,45.04,-1.41%,44.76,44.13,-0.07%,43.88,43.85,-4.29%,46.65,44.65,-1.44%,44.44,43.80,,,,,,,,,,,,
DOCS,2025-12-05,loser,short,-5.38,-10.49%,+0.95%,46.12,45.68,+0.99%,45.58,45.13,+0.64%,45.33,45.04,+1.41%,44.76,44.13,+0.07%,43.88,43.85,+4.29%,46.65,44.65,+1.44%,44.44,43.80,,,,,,,,,,,,
WVE,2025-12-08,gainer,long,+11.04,+147.36%,+6.92%,19.93,21.31,-0.69%,20.37,20.23,-14.28%,19.54,16.75,-5.15%,17.46,16.56,-3.82%,16.75,16.11,-2.32%,16.80,16.41,,,,,,,,,,,,,,,
WVE,2025-12-08,gainer,short,+11.04,+147.36%,-6.92%,19.93,21.31,+0.69%,20.37,20.23,+14.28%,19.54,16.75,+5.15%,17.46,16.56,+3.82%,16.75,16.11,+2.32%,16.80,16.41,,,,,,,,,,,,,,,
GPCR,2025-12-08,gainer,long,+35.42,+102.49%,-2.13%,68.19,66.74,+2.83%,67.04,68.94,-2.68%,69.30,67.44,-2.26%,68.61,67.06,-3.40%,67.08,64.80,-2.06%,63.01,61.71,,,,,,,,,,,,,,,
GPCR,2025-12-08,gainer,short,+35.42,+102.49%,+2.13%,68.19,66.74,-2.83%,67.04,68.94,+2.68%,69.30,67.44,+2.26%,68.61,67.06,+3.40%,67.08,64.80,+2.06%,63.01,61.71,,,,,,,,,,,,,,,
KYMR,2025-12-08,gainer,long,+27.68,+41.55%,-4.24%,90.72,86.88,-3.42%,93.07,89.89,-3.23%,90.74,87.81,-0.77%,90.38,89.68,-2.17%,87.58,85.68,-2.47%,86.32,84.19,,,,,,,,,,,,,,,
KYMR,2025-12-08,gainer,short,+27.68,+41.55%,+4.24%,90.72,86.88,+3.42%,93.07,89.89,+3.23%,90.74,87.81,+0.77%,90.38,89.68,+2.17%,87.58,85.68,+2.47%,86.32,84.19,,,,,,,,,,,,,,,
TERN,2025-12-08,gainer,long,+10.87,+37.02%,+5.90%,40.20,42.57,+4.96%,42.50,44.61,+4.07%,45.25,47.09,-4.26%,47.00,45.00,-1.41%,44.64,44.01,-2.65%,44.09,42.92,,,,,,,,,,,,,,,
TERN,2025-12-08,gainer,short,+10.87,+37.02%,-5.90%,40.20,42.57,-4.96%,42.50,44.61,-4.07%,45.25,47.09,+4.26%,47.00,45.00,+1.41%,44.64,44.01,+2.65%,44.09,42.92,,,,,,,,,,,,,,,
CFLT,2025-12-08,gainer,long,+6.73,+29.08%,+0.22%,29.83,29.90,+0.37%,29.89,30.00,+0.37%,30.03,30.14,-0.17%,30.10,30.05,-0.03%,30.08,30.07,-0.40%,30.08,29.96,,,,,,,,,,,,,,,
CFLT,2025-12-08,gainer,short,+6.73,+29.08%,-0.22%,29.83,29.90,-0.37%,29.89,30.00,-0.37%,30.03,30.14,+0.17%,30.10,30.05,+0.03%,30.08,30.07,+0.40%,30.08,29.96,,,,,,,,,,,,,,,
APD,2025-12-08,loser,long,-24.64,-9.45%,-2.43%,236.51,230.76,+3.00%,229.82,236.71,+1.98%,239.00,243.73,+0.05%,242.88,243.00,+1.70%,240.92,245.01,-0.43%,243.29,242.25,,,,,,,,,,,,,,,
APD,2025-12-08,loser,short,-24.64,-9.45%,+2.43%,236.51,230.76,-3.00%,229.82,236.71,-1.98%,239.00,243.73,-0.05%,242.88,243.00,-1.70%,240.92,245.01,+0.43%,243.29,242.25,,,,,,,,,,,,,,,
CRK,2025-12-08,loser,long,-2.57,-9.39%,-0.16%,24.58,24.54,-5.90%,24.56,23.11,-4.91%,22.61,21.50,-0.91%,21.87,21.67,+1.50%,21.37,21.69,,,,,,,,,,,,,,,,,,
CRK,2025-12-08,loser,short,-2.57,-9.39%,+0.16%,24.58,24.54,+5.90%,24.56,23.11,+4.91%,22.61,21.50,+0.91%,21.87,21.67,-1.50%,21.37,21.69,,,,,,,,,,,,,,,,,,
LAZ,2025-12-08,loser,long,-4.09,-7.47%,+1.34%,50.65,51.33,+1.00%,49.96,50.46,+1.68%,49.89,50.73,-0.31%,50.89,50.73,-1.23%,51.30,50.67,-1.25%,51.34,50.70,,,,,,,,,,,,,,,
LAZ,2025-12-08,loser,short,-4.09,-7.47%,-1.34%,50.65,51.33,-1.00%,49.96,50.46,-1.68%,49.89,50.73,+0.31%,50.89,50.73,+1.23%,51.30,50.67,+1.25%,51.34,50.70,,,,,,,,,,,,,,,
LEGN,2025-12-08,loser,long,-2.01,-7.15%,-8.19%,26.01,23.88,-2.38%,23.93,23.36,-1.88%,23.45,23.01,-2.58%,22.91,22.32,-2.55%,22.59,22.01,-1.37%,21.95,21.65,,,,,,,,,,,,,,,
LEGN,2025-12-08,loser,short,-2.01,-7.15%,+8.19%,26.01,23.88,+2.38%,23.93,23.36,+1.88%,23.45,23.01,+2.58%,22.91,22.32,+2.55%,22.59,22.01,+1.37%,21.95,21.65,,,,,,,,,,,,,,,
UL,2025-12-08,loser,long,-4.18,-7.03%,+2.71%,62.35,64.04,-0.68%,64.29,63.86,+0.17%,64.71,64.82,+0.81%,64.42,64.94,-0.74%,64.81,64.33,,,,,,,,,,,,,,,,,,
UL,2025-12-08,loser,short,-4.18,-7.03%,-2.71%,62.35,64.04,+0.68%,64.29,63.86,-0.17%,64.71,64.82,-0.81%,64.42,64.94,+0.74%,64.81,64.33,,,,,,,,,,,,,,,,,,
WVE,2025-12-09,gainer,long,+2.79,+15.06%,-0.69%,20.37,20.23,-14.28%,19.54,16.75,-5.15%,17.46,16.56,-3.82%,16.75,16.11,-2.32%,16.80,16.41,,,,,,,,,,,,,,,,,,
WVE,2025-12-09,gainer,short,+2.79,+15.06%,+0.69%,20.37,20.23,+14.28%,19.54,16.75,+5.15%,17.46,16.56,+3.82%,16.75,16.11,+2.32%,16.80,16.41,,,,,,,,,,,,,,,,,,
GLXY,2025-12-09,gainer,long,+3.36,+12.88%,+2.96%,28.67,29.52,+4.02%,28.70,29.86,-11.39%,30.19,26.75,-8.31%,26.76,24.54,-0.98%,24.55,24.31,,,,,,,,,,,,,,,,,,
GLXY,2025-12-09,gainer,short,+3.36,+12.88%,-2.96%,28.67,29.52,-4.02%,28.70,29.86,+11.39%,30.19,26.75,+8.31%,26.76,24.54,+0.98%,24.55,24.31,,,,,,,,,,,,,,,,,,
PAAS,2025-12-09,gainer,long,+4.86,+11.16%,+1.33%,48.02,48.66,+1.72%,49.50,50.35,-3.19%,51.37,49.73,-3.99%,51.39,49.34,+0.51%,49.01,49.26,,,,,,,,,,,,,,,,,,
PAAS,2025-12-09,gainer,short,+4.86,+11.16%,-1.33%,48.02,48.66,-1.72%,49.50,50.35,+3.19%,51.37,49.73,+3.99%,51.39,49.34,-0.51%,49.01,49.26,,,,,,,,,,,,,,,,,,
NP,2025-12-09,gainer,long,+2.39,+9.83%,+1.54%,26.64,27.05,+1.74%,26.99,27.46,+0.14%,27.69,27.73,-1.19%,27.83,27.50,+2.71%,27.63,28.38,,,,,,,,,,,,,,,,,,
NP,2025-12-09,gainer,short,+2.39,+9.83%,-1.54%,26.64,27.05,-1.74%,26.99,27.46,-0.14%,27.69,27.73,+1.19%,27.83,27.50,-2.71%,27.63,28.38,,,,,,,,,,,,,,,,,,
TFX,2025-12-09,gainer,long,+11.43,+9.54%,-0.19%,130.74,130.50,-3.02%,131.21,127.25,-0.43%,127.43,126.88,-0.46%,127.31,126.72,-1.59%,126.89,124.87,,,,,,,,,,,,,,,,,,
TFX,2025-12-09,gainer,short,+11.43,+9.54%,+0.19%,130.74,130.50,+3.02%,131.21,127.25,+0.43%,127.43,126.88,+0.46%,127.31,126.72,+1.59%,126.89,124.87,,,,,,,,,,,,,,,,,,
DYN,2025-12-09,loser,long,-3.76,-16.94%,+0.64%,19.57,19.69,-3.14%,20.05,19.42,-1.23%,19.51,19.27,+1.50%,19.30,19.59,+1.19%,19.32,19.55,,,,,,,,,,,,,,,,,,
DYN,2025-12-09,loser,short,-3.76,-16.94%,-0.64%,19.57,19.69,+3.14%,20.05,19.42,+1.23%,19.51,19.27,-1.50%,19.30,19.59,-1.19%,19.32,19.55,,,,,,,,,,,,,,,,,,
SLM,2025-12-09,loser,long,-4.61,-14.96%,+4.27%,26.25,27.37,+0.18%,27.32,27.37,-2.50%,27.58,26.89,+0.75%,26.64,26.84,,,,,,,,,,,,,,,,,,,,,
SLM,2025-12-09,loser,short,-4.61,-14.96%,-4.27%,26.25,27.37,-0.18%,27.32,27.37,+2.50%,27.58,26.89,-0.75%,26.64,26.84,,,,,,,,,,,,,,,,,,,,,
KTB,2025-12-09,loser,long,-7.02,-9.46%,+1.43%,67.19,68.15,-0.53%,68.54,68.18,-1.50%,67.55,66.54,-1.51%,67.02,66.01,-1.05%,66.46,65.76,,,,,,,,,,,,,,,,,,
KTB,2025-12-09,loser,short,-7.02,-9.46%,-1.43%,67.19,68.15,+0.53%,68.54,68.18,+1.50%,67.55,66.54,+1.51%,67.02,66.01,+1.05%,66.46,65.76,,,,,,,,,,,,,,,,,,
AAP,2025-12-09,loser,long,-4.77,-9.34%,+6.61%,46.01,49.05,-1.99%,49.27,48.29,-3.92%,48.26,46.37,-3.99%,45.90,44.07,,,,,,,,,,,,,,,,,,,,,
AAP,2025-12-09,loser,short,-4.77,-9.34%,-6.61%,46.01,49.05,+1.99%,49.27,48.29,+3.92%,48.26,46.37,+3.99%,45.90,44.07,,,,,,,,,,,,,,,,,,,,,
GPK,2025-12-09,loser,long,-1.35,-8.66%,+4.20%,14.28,14.88,+3.77%,14.85,15.41,+0.97%,15.43,15.58,-0.77%,15.52,15.40,-0.58%,15.47,15.38,,,,,,,,,,,,,,,,,,
GPK,2025-12-09,loser,short,-1.35,-8.66%,-4.20%,14.28,14.88,-3.77%,14.85,15.41,-0.97%,15.43,15.58,+0.77%,15.52,15.40,+0.58%,15.47,15.38,,,,,,,,,,,,,,,,,,
PLAB,2025-12-10,gainer,long,+11.66,+45.39%,+5.04%,37.76,39.67,-7.96%,39.45,36.31,-0.03%,36.76,36.75,-5.84%,36.49,34.36,,,,,,,,,,,,,,,,,,,,,
PLAB,2025-12-10,gainer,short,+11.66,+45.39%,-5.04%,37.76,39.67,+7.96%,39.45,36.31,+0.03%,36.76,36.75,+5.84%,36.49,34.36,,,,,,,,,,,,,,,,,,,,,
WRBY,2025-12-10,gainer,long,+6.35,+27.35%,+3.99%,29.07,30.23,-9.12%,30.15,27.40,-1.61%,27.28,26.84,-2.02%,27.20,26.65,,,,,,,,,,,,,,,,,,,,,
WRBY,2025-12-10,gainer,short,+6.35,+27.35%,-3.99%,29.07,30.23,+9.12%,30.15,27.40,+1.61%,27.28,26.84,+2.02%,27.20,26.65,,,,,,,,,,,,,,,,,,,,,
BRZE,2025-12-10,gainer,long,+5.54,+18.08%,-3.25%,36.10,34.93,-4.50%,34.70,33.14,-0.60%,33.32,33.12,+3.48%,32.80,33.94,,,,,,,,,,,,,,,,,,,,,
BRZE,2025-12-10,gainer,short,+5.54,+18.08%,+3.25%,36.10,34.93,+4.50%,34.70,33.14,+0.60%,33.32,33.12,-3.48%,32.80,33.94,,,,,,,,,,,,,,,,,,,,,
GEV,2025-12-10,gainer,long,+97.70,+15.62%,-0.98%,711.15,704.20,-3.75%,697.85,671.71,-1.04%,688.48,681.35,-0.11%,687.00,686.22,,,,,,,,,,,,,,,,,,,,,
GEV,2025-12-10,gainer,short,+97.70,+15.62%,+0.98%,711.15,704.20,+3.75%,697.85,671.71,+1.04%,688.48,681.35,+0.11%,687.00,686.22,,,,,,,,,,,,,,,,,,,,,
OLMA,2025-12-10,gainer,long,+4.10,+15.43%,+3.57%,30.49,31.58,+2.83%,32.14,33.05,+8.08%,33.15,35.83,-3.60%,35.56,34.28,,,,,,,,,,,,,,,,,,,,,
OLMA,2025-12-10,gainer,short,+4.10,+15.43%,-3.57%,30.49,31.58,-2.83%,32.14,33.05,-8.08%,33.15,35.83,+3.60%,35.56,34.28,,,,,,,,,,,,,,,,,,,,,
PSNY,2025-12-10,loser,long,-4.18,-22.85%,-13.29%,13.85,12.01,+18.63%,12.08,14.33,-4.00%,14.00,13.44,-4.07%,13.28,12.74,,,,,,,,,,,,,,,,,,,,,
PSNY,2025-12-10,loser,short,-4.18,-22.85%,+13.29%,13.85,12.01,-18.63%,12.08,14.33,+4.00%,14.00,13.44,+4.07%,13.28,12.74,,,,,,,,,,,,,,,,,,,,,
AVAV,2025-12-10,loser,long,-36.17,-12.85%,+2.61%,243.40,249.75,-3.34%,247.25,239.00,-1.95%,240.00,235.32,+0.86%,232.66,234.65,,,,,,,,,,,,,,,,,,,,,
AVAV,2025-12-10,loser,short,-36.17,-12.85%,-2.61%,243.40,249.75,+3.34%,247.25,239.00,+1.95%,240.00,235.32,-0.86%,232.66,234.65,,,,,,,,,,,,,,,,,,,,,
TMC,2025-12-10,loser,long,-0.89,-11.50%,+7.95%,6.83,7.37,-8.92%,7.29,6.64,-4.00%,6.75,6.48,+7.25%,6.41,6.88,,,,,,,,,,,,,,,,,,,,,
TMC,2025-12-10,loser,short,-0.89,-11.50%,-7.95%,6.83,7.37,+8.92%,7.29,6.64,+4.00%,6.75,6.48,-7.25%,6.41,6.88,,,,,,,,,,,,,,,,,,,,,
DNLI,2025-12-10,loser,long,-2.09,-10.63%,+0.00%,17.37,17.37,+3.27%,17.41,17.98,-3.93%,18.05,17.34,-1.05%,17.20,17.02,,,,,,,,,,,,,,,,,,,,,
DNLI,2025-12-10,loser,short,-2.09,-10.63%,-0.00%,17.37,17.37,-3.27%,17.41,17.98,+3.93%,18.05,17.34,+1.05%,17.20,17.02,,,,,,,,,,,,,,,,,,,,,
ONDS,2025-12-10,loser,long,-0.90,-9.80%,+6.14%,8.50,9.02,-2.56%,8.98,8.75,-11.51%,8.69,7.69,+6.45%,7.60,8.09,,,,,,,,,,,,,,,,,,,,,
ONDS,2025-12-10,loser,short,-0.90,-9.80%,-6.14%,8.50,9.02,+2.56%,8.98,8.75,+11.51%,8.69,7.69,-6.45%,7.60,8.09,,,,,,,,,,,,,,,,,,,,,
PL,2025-12-11,gainer,long,+4.53,+35.01%,-1.08%,18.44,18.24,-4.04%,18.81,18.05,+1.30%,17.65,17.88,,,,,,,,,,,,,,,,,,,,,,,,
PL,2025-12-11,gainer,short,+4.53,+35.01%,+1.08%,18.44,18.24,+4.04%,18.81,18.05,-1.30%,17.65,17.88,,,,,,,,,,,,,,,,,,,,,,,,
PPTA,2025-12-11,gainer,long,+3.45,+13.42%,-2.40%,29.55,28.84,-9.60%,29.69,26.84,-0.89%,26.83,26.59,,,,,,,,,,,,,,,,,,,,,,,,
PPTA,2025-12-11,gainer,short,+3.45,+13.42%,+2.40%,29.55,28.84,+9.60%,29.69,26.84,+0.89%,26.83,26.59,,,,,,,,,,,,,,,,,,,,,,,,
HL,2025-12-11,gainer,long,+2.16,+12.57%,-6.14%,20.04,18.81,-4.02%,19.63,18.84,+1.71%,18.70,19.02,,,,,,,,,,,,,,,,,,,,,,,,
HL,2025-12-11,gainer,short,+2.16,+12.57%,+6.14%,20.04,18.81,+4.02%,19.63,18.84,-1.71%,18.70,19.02,,,,,,,,,,,,,,,,,,,,,,,,
RYTM,2025-12-11,gainer,long,+12.85,+12.27%,-5.03%,119.58,113.56,+0.09%,112.42,112.52,+0.93%,111.41,112.45,,,,,,,,,,,,,,,,,,,,,,,,
RYTM,2025-12-11,gainer,short,+12.85,+12.27%,+5.03%,119.58,113.56,-0.09%,112.42,112.52,-0.93%,111.41,112.45,,,,,,,,,,,,,,,,,,,,,,,,
USAR,2025-12-11,gainer,long,+2.03,+12.13%,-7.99%,18.52,17.04,-12.79%,17.05,14.87,+2.74%,14.60,15.00,,,,,,,,,,,,,,,,,,,,,,,,
USAR,2025-12-11,gainer,short,+2.03,+12.13%,+7.99%,18.52,17.04,+12.79%,17.05,14.87,-2.74%,14.60,15.00,,,,,,,,,,,,,,,,,,,,,,,,
WVE,2025-12-11,loser,long,-3.48,-17.20%,-5.15%,17.46,16.56,-3.82%,16.75,16.11,-2.32%,16.80,16.41,,,,,,,,,,,,,,,,,,,,,,,,
WVE,2025-12-11,loser,short,-3.48,-17.20%,+5.15%,17.46,16.56,+3.82%,16.75,16.11,+2.32%,16.80,16.41,,,,,,,,,,,,,,,,,,,,,,,,
PSNY,2025-12-11,loser,long,-2.10,-14.88%,+18.63%,12.08,14.33,-4.00%,14.00,13.44,-4.07%,13.28,12.74,,,,,,,,,,,,,,,,,,,,,,,,
PSNY,2025-12-11,loser,short,-2.10,-14.88%,-18.63%,12.08,14.33,+4.00%,14.00,13.44,+4.07%,13.28,12.74,,,,,,,,,,,,,,,,,,,,,,,,
ORCL,2025-12-11,loser,long,-24.16,-10.83%,-3.26%,196.37,189.97,-1.79%,188.29,184.92,+2.14%,184.70,188.65,,,,,,,,,,,,,,,,,,,,,,,,
ORCL,2025-12-11,loser,short,-24.16,-10.83%,+3.26%,196.37,189.97,+1.79%,188.29,184.92,-2.14%,184.70,188.65,,,,,,,,,,,,,,,,,,,,,,,,
HOOD,2025-12-11,loser,long,-12.28,-9.05%,-4.60%,125.26,119.50,-4.15%,120.25,115.26,+2.32%,116.69,119.40,,,,,,,,,,,,,,,,,,,,,,,,
HOOD,2025-12-11,loser,short,-12.28,-9.05%,+4.60%,125.26,119.50,+4.15%,120.25,115.26,-2.32%,116.69,119.40,,,,,,,,,,,,,,,,,,,,,,,,
CNTA,2025-12-11,loser,long,-2.39,-8.08%,-2.14%,27.09,26.51,-1.51%,26.55,26.15,-1.76%,26.18,25.72,,,,,,,,,,,,,,,,,,,,,,,,
CNTA,2025-12-11,loser,short,-2.39,-8.08%,+2.14%,27.09,26.51,+1.51%,26.55,26.15,+1.76%,26.18,25.72,,,,,,,,,,,,,,,,,,,,,,,,
PSNY,2025-12-12,gainer,long,+2.32,+19.32%,-4.00%,14.00,13.44,-4.07%,13.28,12.74,,,,,,,,,,,,,,,,,,,,,,,,,,,
PSNY,2025-12-12,gainer,short,+2.32,+19.32%,+4.00%,14.00,13.44,+4.07%,13.28,12.74,,,,,,,,,,,,,,,,,,,,,,,,,,,
YOU,2025-12-12,gainer,long,+4.82,+13.29%,-5.77%,41.25,38.87,-1.85%,39.97,39.23,,,,,,,,,,,,,,,,,,,,,,,,,,,
YOU,2025-12-12,gainer,short,+4.82,+13.29%,+5.77%,41.25,38.87,+1.85%,39.97,39.23,,,,,,,,,,,,,,,,,,,,,,,,,,,
RIVN,2025-12-12,gainer,long,+1.99,+12.11%,+0.48%,18.61,18.70,-4.02%,18.65,17.90,,,,,,,,,,,,,,,,,,,,,,,,,,,
RIVN,2025-12-12,gainer,short,+1.99,+12.11%,-0.48%,18.61,18.70,+4.02%,18.65,17.90,,,,,,,,,,,,,,,,,,,,,,,,,,,
EVCM,2025-12-12,gainer,long,+1.19,+10.93%,+11.33%,12.00,13.36,+1.67%,13.18,13.40,,,,,,,,,,,,,,,,,,,,,,,,,,,
EVCM,2025-12-12,gainer,short,+1.19,+10.93%,-11.33%,12.00,13.36,-1.67%,13.18,13.40,,,,,,,,,,,,,,,,,,,,,,,,,,,
LULU,2025-12-12,gainer,long,+17.96,+9.60%,+1.57%,203.11,206.29,-0.99%,208.81,206.74,,,,,,,,,,,,,,,,,,,,,,,,,,,
LULU,2025-12-12,gainer,short,+17.96,+9.60%,-1.57%,203.11,206.29,+0.99%,208.81,206.74,,,,,,,,,,,,,,,,,,,,,,,,,,,
FRMI,2025-12-12,loser,long,-5.16,-33.84%,-15.78%,10.20,8.59,+10.81%,8.79,9.74,,,,,,,,,,,,,,,,,,,,,,,,,,,
FRMI,2025-12-12,loser,short,-5.16,-33.84%,+15.78%,10.20,8.59,-10.81%,8.79,9.74,,,,,,,,,,,,,,,,,,,,,,,,,,,
MOD,2025-12-12,loser,long,-25.31,-15.32%,-0.06%,142.36,142.27,-1.71%,141.00,138.59,,,,,,,,,,,,,,,,,,,,,,,,,,,
MOD,2025-12-12,loser,short,-25.31,-15.32%,+0.06%,142.36,142.27,+1.71%,141.00,138.59,,,,,,,,,,,,,,,,,,,,,,,,,,,
OKLO,2025-12-12,loser,long,-15.58,-15.13%,-7.86%,89.35,82.33,+3.42%,80.75,83.51,,,,,,,,,,,,,,,,,,,,,,,,,,,
OKLO,2025-12-12,loser,short,-15.58,-15.13%,+7.86%,89.35,82.33,-3.42%,80.75,83.51,,,,,,,,,,,,,,,,,,,,,,,,,,,
SEI,2025-12-12,loser,long,-8.01,-14.81%,-5.45%,46.07,43.56,+1.87%,42.81,43.61,,,,,,,,,,,,,,,,,,,,,,,,,,,
SEI,2025-12-12,loser,short,-8.01,-14.81%,+5.45%,46.07,43.56,-1.87%,42.81,43.61,,,,,,,,,,,,,,,,,,,,,,,,,,,
SNDK,2025-12-12,loser,long,-35.43,-14.66%,-5.99%,214.73,201.87,+4.13%,201.00,209.31,,,,,,,,,,,,,,,,,,,,,,,,,,,
SNDK,2025-12-12,loser,short,-35.43,-14.66%,+5.99%,214.73,201.87,-4.13%,201.00,209.31,,,,,,,,,,,,,,,,,,,,,,,,,,,
IMNM,2025-12-15,gainer,long,+3.07,+15.69%,+2.76%,22.85,23.48,,,,,,,,,,,,,,,,,,,,,,,,,,,,,,
IMNM,2025-12-15,gainer,short,+3.07,+15.69%,-2.76%,22.85,23.48,,,,,,,,,,,,,,,,,,,,,,,,,,,,,,
EVCM,2025-12-15,gainer,long,+1.28,+10.60%,+1.67%,13.18,13.40,,,,,,,,,,,,,,,,,,,,,,,,,,,,,,
EVCM,2025-12-15,gainer,short,+1.28,+10.60%,-1.67%,13.18,13.40,,,,,,,,,,,,,,,,,,,,,,,,,,,,,,
ZIM,2025-12-15,gainer,long,+1.64,+8.74%,-1.72%,20.37,20.02,,,,,,,,,,,,,,,,,,,,,,,,,,,,,,
ZIM,2025-12-15,gainer,short,+1.64,+8.74%,+1.72%,20.37,20.02,,,,,,,,,,,,,,,,,,,,,,,,,,,,,,
OLMA,2025-12-15,gainer,long,+2.78,+8.41%,-3.60%,35.56,34.28,,,,,,,,,,,,,,,,,,,,,,,,,,,,,,
OLMA,2025-12-15,gainer,short,+2.78,+8.41%,+3.60%,35.56,34.28,,,,,,,,,,,,,,,,,,,,,,,,,,,,,,
AEO,2025-12-15,gainer,long,+1.55,+6.09%,+1.52%,26.95,27.36,,,,,,,,,,,,,,,,,,,,,,,,,,,,,,
AEO,2025-12-15,gainer,short,+1.55,+6.09%,-1.52%,26.95,27.36,,,,,,,,,,,,,,,,,,,,,,,,,,,,,,
RNW,2025-12-15,loser,long,-2.05,-27.15%,-5.64%,5.50,5.19,,,,,,,,,,,,,,,,,,,,,,,,,,,,,,
RNW,2025-12-15,loser,short,-2.05,-27.15%,+5.64%,5.50,5.19,,,,,,,,,,,,,,,,,,,,,,,,,,,,,,
APLD,2025-12-15,loser,long,-4.88,-17.52%,+3.77%,23.36,24.24,,,,,,,,,,,,,,,,,,,,,,,,,,,,,,
APLD,2025-12-15,loser,short,-4.88,-17.52%,-3.77%,23.36,24.24,,,,,,,,,,,,,,,,,,,,,,,,,,,,,,
CLSK,2025-12-15,loser,long,-2.12,-15.07%,-0.67%,11.94,11.86,,,,,,,,,,,,,,,,,,,,,,,,,,,,,,
CLSK,2025-12-15,loser,short,-2.12,-15.07%,+0.67%,11.94,11.86,,,,,,,,,,,,,,,,,,,,,,,,,,,,,,
FRMI,2025-12-15,loser,long,-1.50,-14.87%,+10.81%,8.79,9.74,,,,,,,,,,,,,,,,,,,,,,,,,,,,,,
FRMI,2025-12-15,loser,short,-1.50,-14.87%,-10.81%,8.79,9.74,,,,,,,,,,,,,,,,,,,,,,,,,,,,,,
HUT,2025-12-15,loser,long,-5.87,-14.21%,+5.11%,35.06,36.85,,,,,,,,,,,,,,,,,,,,,,,,,,,,,,
HUT,2025-12-15,loser,short,-5.87,-14.21%,-5.11%,35.06,36.85,,,,,,,,,,,,,,,,,,,,,,,,,,,,,,
FRMI,2025-12-16,gainer,long,+1.15,+13.39%,,,,,,,,,,,,,,,,,,,,,,,,,,,,,,,,,
FRMI,2025-12-16,gainer,short,+1.15,+13.39%,,,,,,,,,,,,,,,,,,,,,,,,,,,,,,,,,
AFRM,2025-12-16,gainer,long,+7.73,+11.77%,,,,,,,,,,,,,,,,,,,,,,,,,,,,,,,,,
AFRM,2025-12-16,gainer,short,+7.73,+11.77%,,,,,,,,,,,,,,,,,,,,,,,,,,,,,,,,,
SEZL,2025-12-16,gainer,long,+6.86,+10.37%,,,,,,,,,,,,,,,,,,,,,,,,,,,,,,,,,
SEZL,2025-12-16,gainer,short,+6.86,+10.37%,,,,,,,,,,,,,,,,,,,,,,,,,,,,,,,,,
CRCL,2025-12-16,gainer,long,+7.54,+9.99%,,,,,,,,,,,,,,,,,,,,,,,,,,,,,,,,,
CRCL,2025-12-16,gainer,short,+7.54,+9.99%,,,,,,,,,,,,,,,,,,,,,,,,,,,,,,,,,
ALM,2025-12-16,gainer,long,+0.67,+9.17%,,,,,,,,,,,,,,,,,,,,,,,,,,,,,,,,,
ALM,2025-12-16,gainer,short,+0.67,+9.17%,,,,,,,,,,,,,,,,,,,,,,,,,,,,,,,,,
NAVN,2025-12-16,loser,long,-1.74,-11.86%,,,,,,,,,,,,,,,,,,,,,,,,,,,,,,,,,
NAVN,2025-12-16,loser,short,-1.74,-11.86%,,,,,,,,,,,,,,,,,,,,,,,,,,,,,,,,,
PBF,2025-12-16,loser,long,-3.29,-10.99%,,,,,,,,,,,,,,,,,,,,,,,,,,,,,,,,,
PBF,2025-12-16,loser,short,-3.29,-10.99%,,,,,,,,,,,,,,,,,,,,,,,,,,,,,,,,,
AMKR,2025-12-16,loser,long,-3.63,-8.27%,,,,,,,,,,,,,,,,,,,,,,,,,,,,,,,,,
AMKR,2025-12-16,loser,short,-3.63,-8.27%,,,,,,,,,,,,,,,,,,,,,,,,,,,,,,,,,
GSAT,2025-12-16,loser,long,-5.35,-7.75%,,,,,,,,,,,,,,,,,,,,,,,,,,,,,,,,,
GSAT,2025-12-16,loser,short,-5.35,-7.75%,,,,,,,,,,,,,,,,,,,,,,,,,,,,,,,,,
CRGY,2025-12-16,loser,long,-0.66,-7.40%,,,,,,,,,,,,,,,,,,,,,,,,,,,,,,,,,
CRGY,2025-12-16,loser,short,-0.66,-7.40%,,,,,,,,,,,,,,,,,,,,,,,,,,,,,,,,,
,,,,,,,,,,,,,,,,,,,,,,,,,,,,,,,,,,,,,,
Total Gainer Long Return (%),,,,,,+148.64%,,,-19.98%,,,+18.47%,,,-13.02%,,,-17.04%,,,-59.97%,,,-31.82%,,,-21.73%,,,+22.56%,,,+31.82%,,,-40.60%,,
Win Rate Gainer Long (%),,,,,,+52.67%,,,+53.10%,,,+51.43%,,,+49.63%,,,+45.38%,,,+44.80%,,,+45.83%,,,+51.30%,,,+53.21%,,,+55.77%,,,+49.49%,,
Avg Daily Return Gainer Long (%),,,,,,+0.73%,,,+0.01%,,,+0.24%,,,+0.03%,,,-0.03%,,,-0.65%,,,-0.20%,,,-0.12%,,,+0.25%,,,+0.36%,,,-0.37%,,
Total Gainer Short Return (%),,,,,,-72.68%,,,-21.73%,,,-40.03%,,,-20.42%,,,-10.70%,,,+102.55%,,,+8.96%,,,+2.34%,,,-28.86%,,,-37.21%,,,+27.81%,,
Win Rate Gainer Short (%),,,,,,+47.33%,,,+46.21%,,,+48.57%,,,+50.37%,,,+53.85%,,,+52.80%,,,+52.50%,,,+46.96%,,,+45.87%,,,+44.23%,,,+49.49%,,
Avg Daily Return Gainer Short (%),,,,,,-0.73%,,,-0.01%,,,-0.24%,,,-0.03%,,,+0.03%,,,+0.65%,,,+0.20%,,,+0.12%,,,-0.25%,,,-0.36%,,,+0.37%,,
Total Loser Long Return (%),,,,,,+46.81%,,,-30.17%,,,-51.38%,,,+4.80%,,,+52.84%,,,-28.28%,,,-16.34%,,,-39.81%,,,+55.36%,,,+7.00%,,,-0.79%,,
Win Rate Loser Long (%),,,,,,+47.33%,,,+48.28%,,,+45.71%,,,+50.37%,,,+55.12%,,,+41.80%,,,+49.15%,,,+45.61%,,,+55.96%,,,+50.96%,,,+49.49%,,
Avg Daily Return Loser Long (%),,,,,,+0.45%,,,-0.06%,,,-0.36%,,,+0.11%,,,+0.47%,,,-0.14%,,,-0.03%,,,-0.32%,,,+0.55%,,,+0.14%,,,+0.09%,,
Total Loser Short Return (%),,,,,,-63.50%,,,-16.82%,,,+34.00%,,,-22.22%,,,-54.40%,,,+1.33%,,,-11.10%,,,+25.15%,,,-53.60%,,,-20.88%,,,-16.89%,,
Win Rate Loser Short (%),,,,,,+52.00%,,,+51.03%,,,+53.57%,,,+48.89%,,,+43.31%,,,+58.20%,,,+50.85%,,,+52.63%,,,+43.12%,,,+49.04%,,,+50.51%,,
Avg Daily Return Loser Short (%),,,,,,-0.45%,,,+0.06%,,,+0.36%,,,-0.11%,,,-0.47%,,,+0.14%,,,+0.03%,,,+0.32%,,,-0.55%,,,-0.14%,,,-0.09%,,
